id,parametertype_id,spec_id,text,column,operator,value,linker,operator2,value2,color,show,DDF_type,inverse,regex_filter,u_created,u_modified,translations,DDF_unit,DDF_target_value,DDF_custom_color,name
318409,11235,2002,,0,!=,"""""",,,,orange,1,OK,0,,1776756160,1776756160,,none,overwritten to okay,,3-MCPD/2-MCPD glycidyl ester
318410,11236,2002,,0,!=,"""""",,,,orange,1,OK,0,,1776756160,1776756160,,µg/kg,overwritten to okay,,"3-MCPD, total (free and ester)"
318411,12004,2002,,0,!=,"""""",,,,orange,1,OK,0,,1776756160,1776756160,,none,overwritten to okay,,"MCPD,2-, total"
318412,12005,2002,,0,!=,"""""",,,,orange,1,OK,0,,1776756160,1776756160,,µg/kg,overwritten to okay,,"Glycidyl esters, sub-parameters"
318413,5371,2002,,0,!=,"""""",,,,orange,1,OK,0,,1776756160,1776756160,,none,overwritten to okay,,"Ethylene oxide, QuEChERS"
318414,5372,2002,,0,!=,"""""",,,,orange,1,OK,0,,1776756160,1776756160,,none,overwritten to okay,,"Ethylene oxide, free"
318415,5373,2002,,0,!=,"""""",,,,orange,1,OK,0,,1776756160,1776756160,,none,overwritten to okay,,2-chloro-ethanol
318416,5374,2002,,0,!=,"""""",,,,orange,1,OK,0,,1776756160,1776756160,,mg/kg,overwritten to okay,,"Ethylene oxide, total"
318417,5545,2002,,0,!=,"""""",,,,orange,1,OK,0,,1776756160,1776756160,,mg/kg,overwritten to okay,,"Arsenic, inorganic_38852"
318418,11182,2002,,0,!=,"""""",,,,orange,1,OK,0,,1776756160,1776756160,,mg/kg,overwritten to okay,,Chloroethoxyfos
318419,11271,2002,,0,!=,"""""",,,,orange,1,OK,0,,1776756160,1776756160,,mg/kg,overwritten to okay,,Captan metabolite tetrahydrophthalimide (THPI)
318420,11412,2002,,0,!=,"""""",,,,orange,1,OK,0,,1776756160,1776756160,,mg/kg,overwritten to okay,,Phthalimide
318421,10499,2002,,0,!=,"""""",,,,orange,1,OK,0,,1776756160,1776756160,,mg/kg,overwritten to okay,,"1,4-Dimethylnaphthalene"
318422,10505,2002,,0,!=,"""""",,,,orange,1,OK,0,,1776756160,1776756160,,mg/kg,overwritten to okay,,Bendiocarb
318423,10510,2002,,0,!=,"""""",,,,orange,1,OK,0,,1776756160,1776756160,,mg/kg,overwritten to okay,,Acephate
318424,10511,2002,,0,!=,"""""",,,,orange,1,OK,0,,1776756160,1776756160,,mg/kg,overwritten to okay,,Benodanil
318425,10512,2002,,0,!=,"""""",,,,orange,1,OK,0,,1776756160,1776756160,,mg/kg,overwritten to okay,,Acetamiprid
318426,10518,2002,,0,!=,"""""",,,,orange,1,OK,0,,1776756160,1776756160,,mg/kg,overwritten to okay,,Aclonifen
318427,10523,2002,,0,!=,"""""",,,,orange,1,OK,0,,1776756160,1776756160,,mg/kg,overwritten to okay,,Aldicarb
318428,10526,2002,,0,!=,"""""",,,,orange,1,OK,0,,1776756160,1776756160,,mg/kg,overwritten to okay,,Benzalkonium chloride - C14
318429,10529,2002,,0,!=,"""""",,,,orange,1,OK,0,,1776756160,1776756160,,mg/kg,overwritten to okay,,Benzalkonium chloride - C16
318430,10530,2002,,0,!=,"""""",,,,orange,1,OK,0,,1776756160,1776756160,,mg/kg,overwritten to okay,,Allethrin
318431,10534,2002,,0,!=,"""""",,,,orange,1,OK,0,,1776756160,1776756160,,mg/kg,overwritten to okay,,Amidithione
318432,10535,2002,,0,!=,"""""",,,,orange,1,OK,0,,1776756160,1776756160,,mg/kg,overwritten to okay,,Benzalkonium chloride - C8
318433,10541,2002,,0,!=,"""""",,,,orange,1,OK,0,,1776756160,1776756160,,mg/kg,overwritten to okay,,Amitraz
318434,10546,2002,,0,!=,"""""",,,,orange,1,OK,0,,1776756160,1776756160,,mg/kg,overwritten to okay,,Atrazine
318435,10554,2002,,0,!=,"""""",,,,orange,1,OK,0,,1776756160,1776756160,,mg/kg,overwritten to okay,,Bixafen
318436,10555,2002,,0,!=,"""""",,,,orange,1,OK,0,,1776756160,1776756160,,mg/kg,overwritten to okay,,Azinphos-methyl
318437,10556,2002,,0,!=,"""""",,,,orange,1,OK,0,,1776756160,1776756160,,mg/kg,overwritten to okay,,Boscalid
318438,10568,2002,,0,!=,"""""",,,,orange,1,OK,0,,1776756160,1776756160,,mg/kg,overwritten to okay,,Chlorobromuron
318439,10573,2002,,0,!=,"""""",,,,orange,1,OK,0,,1776756160,1776756160,,mg/kg,overwritten to okay,,"Chlordane, oxy-"
318440,10576,2002,,0,!=,"""""",,,,orange,1,OK,0,,1776756160,1776756160,,mg/kg,overwritten to okay,,Bromuconazole
318441,10578,2002,,0,!=,"""""",,,,orange,1,OK,0,,1776756160,1776756160,,mg/kg,overwritten to okay,,Chlorodimeform
318442,10596,2002,,0,!=,"""""",,,,orange,1,OK,0,,1776756160,1776756160,,mg/kg,overwritten to okay,,Cadusafos
318443,10615,2002,,0,!=,"""""",,,,orange,1,OK,0,,1776756160,1776756160,,mg/kg,overwritten to okay,,Chlorothiophos
318444,10623,2002,,0,!=,"""""",,,,orange,1,OK,0,,1776756160,1776756160,,mg/kg,overwritten to okay,,Cinosulfuron
318445,10633,2002,,0,!=,"""""",,,,orange,1,OK,0,,1776756160,1776756160,,mg/kg,overwritten to okay,,Climbazole
318446,10638,2002,,0,!=,"""""",,,,orange,1,OK,0,,1776756160,1776756160,,mg/kg,overwritten to okay,,Cloquintocet-Mexyl
318447,10650,2002,,0,!=,"""""",,,,orange,1,OK,0,,1776756160,1776756160,,mg/kg,overwritten to okay,,Cyanofenphos
318448,10654,2002,,0,!=,"""""",,,,orange,1,OK,0,,1776756160,1776756160,,mg/kg,overwritten to okay,,Cyantraniliprole
318449,10661,2002,,0,!=,"""""",,,,orange,1,OK,0,,1776756160,1776756160,,mg/kg,overwritten to okay,,Cyenopygraphs
318450,10662,2002,,0,!=,"""""",,,,orange,1,OK,0,,1776756160,1776756160,,mg/kg,overwritten to okay,,Diclobutrazol
318451,10663,2002,,0,!=,"""""",,,,orange,1,OK,0,,1776756160,1776756160,,mg/kg,overwritten to okay,,Cyflufenamide
318452,10674,2002,,0,!=,"""""",,,,orange,1,OK,0,,1776756160,1776756160,,mg/kg,overwritten to okay,,Cyproconazole
318453,10680,2002,,0,!=,"""""",,,,orange,1,OK,0,,1776756160,1776756160,,mg/kg,overwritten to okay,,"DDD-o,p"
318454,10686,2002,,0,!=,"""""",,,,orange,1,OK,0,,1776756160,1776756160,,mg/kg,overwritten to okay,,"DDE-p,p"
318455,10688,2002,,0,!=,"""""",,,,orange,1,OK,0,,1776756160,1776756160,,mg/kg,overwritten to okay,,Difenacoum
318456,10699,2002,,0,!=,"""""",,,,orange,1,OK,0,,1776756160,1776756160,,mg/kg,overwritten to okay,,Diflubenzuron
318457,10706,2002,,0,!=,"""""",,,,orange,1,OK,0,,1776756160,1776756160,,mg/kg,overwritten to okay,,Dimethenamide
318458,10708,2002,,0,!=,"""""",,,,orange,1,OK,0,,1776756160,1776756160,,mg/kg,overwritten to okay,,Dimethoate
318459,10709,2002,,0,!=,"""""",,,,orange,1,OK,0,,1776756160,1776756160,,mg/kg,overwritten to okay,,Etaconazole
318460,10710,2002,,0,!=,"""""",,,,orange,1,OK,0,,1776756160,1776756160,,mg/kg,overwritten to okay,,Dimethomorphs
318461,10717,2002,,0,!=,"""""",,,,orange,1,OK,0,,1776756160,1776756160,,mg/kg,overwritten to okay,,Ethirimol
318462,10719,2002,,0,!=,"""""",,,,orange,1,OK,0,,1776756160,1776756160,,mg/kg,overwritten to okay,,Ethofumesate
318463,10726,2002,,0,!=,"""""",,,,orange,1,OK,0,,1776756160,1776756160,,mg/kg,overwritten to okay,,Ethoxyquin dimer
318464,10727,2002,,0,!=,"""""",,,,orange,1,OK,0,,1776756160,1776756160,,mg/kg,overwritten to okay,,Diniconazole
318465,10728,2002,,0,!=,"""""",,,,orange,1,OK,0,,1776756160,1776756160,,mg/kg,overwritten to okay,,Etofenprox
318466,10729,2002,,0,!=,"""""",,,,orange,1,OK,0,,1776756160,1776756160,,mg/kg,overwritten to okay,,Dinitramine
318467,10731,2002,,0,!=,"""""",,,,orange,1,OK,0,,1776756160,1776756160,,mg/kg,overwritten to okay,,Dinocap
318468,10735,2002,,0,!=,"""""",,,,orange,1,OK,0,,1776756160,1776756160,,mg/kg,overwritten to okay,,Dioxabenzophos
318469,10739,2002,,0,!=,"""""",,,,orange,1,OK,0,,1776756160,1776756160,,mg/kg,overwritten to okay,,Dioxathion
318470,10754,2002,,0,!=,"""""",,,,orange,1,OK,0,,1776756160,1776756160,,mg/kg,overwritten to okay,,Diuron
318471,10757,2002,,0,!=,"""""",,,,orange,1,OK,0,,1776756160,1776756160,,mg/kg,overwritten to okay,,Fenbutatin oxide
318472,10758,2002,,0,!=,"""""",,,,orange,1,OK,0,,1776756160,1776756160,,mg/kg,overwritten to okay,,Dodin
318473,10763,2002,,0,!=,"""""",,,,orange,1,OK,0,,1776756160,1776756160,,mg/kg,overwritten to okay,,Fenfluthrin
318474,10765,2002,,0,!=,"""""",,,,orange,1,OK,0,,1776756160,1776756160,,mg/kg,overwritten to okay,,Fenhexamide
318475,10766,2002,,0,!=,"""""",,,,orange,1,OK,0,,1776756160,1776756160,,mg/kg,overwritten to okay,,Emamectin benzoate B1a
318476,10775,2002,,0,!=,"""""",,,,orange,1,OK,0,,1776756160,1776756160,,mg/kg,overwritten to okay,,Fenoxaprop-P-Ethyl
318477,10776,2002,,0,!=,"""""",,,,orange,1,OK,0,,1776756160,1776756160,,mg/kg,overwritten to okay,,Flumioxazine
318478,10781,2002,,0,!=,"""""",,,,orange,1,OK,0,,1776756160,1776756160,,mg/kg,overwritten to okay,,Fenpicoxamide
318479,10784,2002,,0,!=,"""""",,,,orange,1,OK,0,,1776756160,1776756160,,mg/kg,overwritten to okay,,Fluorodifen
318480,10799,2002,,0,!=,"""""",,,,orange,1,OK,0,,1776756160,1776756160,,mg/kg,overwritten to okay,,Flurochloridone
318481,10800,2002,,0,!=,"""""",,,,orange,1,OK,0,,1776756160,1776756160,,mg/kg,overwritten to okay,,Fenthion oxon
318482,10801,2002,,0,!=,"""""",,,,orange,1,OK,0,,1776756160,1776756160,,mg/kg,overwritten to okay,,Fluroxypyr-1-methylheptyl
318483,10804,2002,,0,!=,"""""",,,,orange,1,OK,0,,1776756160,1776756160,,mg/kg,overwritten to okay,,Fenthion oxon sulfoxide
318484,10816,2002,,0,!=,"""""",,,,orange,1,OK,0,,1776756160,1776756160,,mg/kg,overwritten to okay,,Folpet
318485,10818,2002,,0,!=,"""""",,,,orange,1,OK,0,,1776756160,1776756160,,mg/kg,overwritten to okay,,Fonophos
318486,10844,2002,,0,!=,"""""",,,,orange,1,OK,0,,1776756160,1776756160,,mg/kg,overwritten to okay,,Flufenoxuron
318487,10849,2002,,0,!=,"""""",,,,orange,1,OK,0,,1776756160,1776756160,,mg/kg,overwritten to okay,,Flumetralin
318488,10850,2002,,0,!=,"""""",,,,orange,1,OK,0,,1776756160,1776756160,,mg/kg,overwritten to okay,,Halosulfuron-methyl
318489,10857,2002,,0,!=,"""""",,,,orange,1,OK,0,,1776756160,1776756160,,mg/kg,overwritten to okay,,"Heptachlor epoxide, cis"
318490,10870,2002,,0,!=,"""""",,,,orange,1,OK,0,,1776756160,1776756160,,mg/kg,overwritten to okay,,Isoxaflutole
318491,10871,2002,,0,!=,"""""",,,,orange,1,OK,0,,1776756160,1776756160,,mg/kg,overwritten to okay,,Hexazinone
318492,10874,2002,,0,!=,"""""",,,,orange,1,OK,0,,1776756160,1776756160,,mg/kg,overwritten to okay,,Isoxathione
318493,10878,2002,,0,!=,"""""",,,,orange,1,OK,0,,1776756160,1776756160,,mg/kg,overwritten to okay,,Imazalil
318494,10879,2002,,0,!=,"""""",,,,orange,1,OK,0,,1776756160,1776756160,,mg/kg,overwritten to okay,,Kresoxim-methyl
318495,10886,2002,,0,!=,"""""",,,,orange,1,OK,0,,1776756160,1776756160,,mg/kg,overwritten to okay,,Indaziflam
318496,10893,2002,,0,!=,"""""",,,,orange,1,OK,0,,1776756160,1776756160,,mg/kg,overwritten to okay,,Lufenuron
318497,10894,2002,,0,!=,"""""",,,,orange,1,OK,0,,1776756160,1776756160,,mg/kg,overwritten to okay,,Ioxynil
318498,10910,2002,,0,!=,"""""",,,,orange,1,OK,0,,1776756160,1776756160,,mg/kg,overwritten to okay,,Mefentrifluconazole
318499,10918,2002,,0,!=,"""""",,,,orange,1,OK,0,,1776756160,1776756160,,mg/kg,overwritten to okay,,Monocrotophos
318500,10933,2002,,0,!=,"""""",,,,orange,1,OK,0,,1776756160,1776756160,,mg/kg,overwritten to okay,,Metconazole
318501,10934,2002,,0,!=,"""""",,,,orange,1,OK,0,,1776756160,1776756160,,mg/kg,overwritten to okay,,Nitralin
318502,10935,2002,,0,!=,"""""",,,,orange,1,OK,0,,1776756160,1776756160,,mg/kg,overwritten to okay,,Methabenzthiazuron
318503,10939,2002,,0,!=,"""""",,,,orange,1,OK,0,,1776756160,1776756160,,mg/kg,overwritten to okay,,Methamidophos
318504,10941,2002,,0,!=,"""""",,,,orange,1,OK,0,,1776756160,1776756160,,mg/kg,overwritten to okay,,Methidathion
318505,10945,2002,,0,!=,"""""",,,,orange,1,OK,0,,1776756160,1776756160,,mg/kg,overwritten to okay,,Methiocarb sulfone
318506,10946,2002,,0,!=,"""""",,,,orange,1,OK,0,,1776756160,1776756160,,mg/kg,overwritten to okay,,Novaluron
318507,10947,2002,,0,!=,"""""",,,,orange,1,OK,0,,1776756160,1776756160,,mg/kg,overwritten to okay,,Methiocarb sulfoxide
318508,10951,2002,,0,!=,"""""",,,,orange,1,OK,0,,1776756160,1776756160,,mg/kg,overwritten to okay,,Methoprotryne
318509,10977,2002,,0,!=,"""""",,,,orange,1,OK,0,,1776756160,1776756160,,mg/kg,overwritten to okay,,Parathion ethyl
318510,10979,2002,,0,!=,"""""",,,,orange,1,OK,0,,1776756160,1776756160,,mg/kg,overwritten to okay,,Mirex
318511,10981,2002,,0,!=,"""""",,,,orange,1,OK,0,,1776756160,1776756160,,mg/kg,overwritten to okay,,Molinates
318512,10999,2002,,0,!=,"""""",,,,orange,1,OK,0,,1776756160,1776756160,,mg/kg,overwritten to okay,,Pentachloroanisole
318513,11009,2002,,0,!=,"""""",,,,orange,1,OK,0,,1776756160,1776756160,,mg/kg,overwritten to okay,,Profluralin
318514,11010,2002,,0,!=,"""""",,,,orange,1,OK,0,,1776756160,1776756160,,mg/kg,overwritten to okay,,Permethrin
318515,11032,2002,,0,!=,"""""",,,,orange,1,OK,0,,1776756160,1776756160,,mg/kg,overwritten to okay,,Propisochlorine
318516,11039,2002,,0,!=,"""""",,,,orange,1,OK,0,,1776756160,1776756160,,mg/kg,overwritten to okay,,Phosmet
318517,11047,2002,,0,!=,"""""",,,,orange,1,OK,0,,1776756160,1776756160,,mg/kg,overwritten to okay,,Picolinfen
318518,11058,2002,,0,!=,"""""",,,,orange,1,OK,0,,1776756160,1776756160,,mg/kg,overwritten to okay,,Piperophos
318519,11066,2002,,0,!=,"""""",,,,orange,1,OK,0,,1776756160,1776756160,,mg/kg,overwritten to okay,,Simazine
318520,11078,2002,,0,!=,"""""",,,,orange,1,OK,0,,1776756160,1776756160,,mg/kg,overwritten to okay,,Pyridaphenthione
318521,11118,2002,,0,!=,"""""",,,,orange,1,OK,0,,1776756160,1776756160,,mg/kg,overwritten to okay,,Sedaxan
318522,11133,2002,,0,!=,"""""",,,,orange,1,OK,0,,1776756160,1776756160,,mg/kg,overwritten to okay,,Trichlorfon
318523,11169,2002,,0,!=,"""""",,,,orange,1,OK,0,,1776756160,1776756160,,mg/kg,overwritten to okay,,Tolfenpyrad
318524,11181,2002,,0,!=,"""""",,,,orange,1,OK,0,,1776756160,1776756160,,mg/kg,overwritten to okay,,Tribufos
318525,11416,2002,,0,!=,"""""",,,,orange,1,OK,0,,1776756160,1776756160,,mg/kg,overwritten to okay,,Prochloraz metabolite BTS44595
318526,11417,2002,,0,!=,"""""",,,,orange,1,OK,0,,1776756160,1776756160,,mg/kg,overwritten to okay,,Prochloraz metabolite BTS44596
318527,11425,2002,,0,!=,"""""",,,,orange,1,OK,0,,1776756160,1776756160,,mg/kg,overwritten to okay,,Prothioconazole
318528,11888,2002,,0,!=,"""""",,,,orange,1,OK,0,,1776756160,1776756160,,mg/kg,overwritten to okay,,Chlorothalonil-4-hydroxy
318529,10513,2002,,0,!=,"""""",,,,orange,1,OK,0,,1776756160,1776756160,,mg/kg,overwritten to okay,,Benomyl
318530,10533,2002,,0,!=,"""""",,,,orange,1,OK,0,,1776756160,1776756160,,mg/kg,overwritten to okay,,Ametryn
318531,10548,2002,,0,!=,"""""",,,,orange,1,OK,0,,1776756160,1776756160,,mg/kg,overwritten to okay,,Azaconazole
318532,10549,2002,,0,!=,"""""",,,,orange,1,OK,0,,1776756160,1776756160,,mg/kg,overwritten to okay,,Biphenyl
318533,10550,2002,,0,!=,"""""",,,,orange,1,OK,0,,1776756160,1776756160,,mg/kg,overwritten to okay,,Azadirachtin
318534,10551,2002,,0,!=,"""""",,,,orange,1,OK,0,,1776756160,1776756160,,mg/kg,overwritten to okay,,Azamethiphos
318535,10575,2002,,0,!=,"""""",,,,orange,1,OK,0,,1776756160,1776756160,,mg/kg,overwritten to okay,,"Chlordan, Trans"
318536,10579,2002,,0,!=,"""""",,,,orange,1,OK,0,,1776756160,1776756160,,mg/kg,overwritten to okay,,Buprofezin
318537,10585,2002,,0,!=,"""""",,,,orange,1,OK,0,,1776756160,1776756160,,mg/kg,overwritten to okay,,Butamifos
318538,10601,2002,,0,!=,"""""",,,,orange,1,OK,0,,1776756160,1776756160,,mg/kg,overwritten to okay,,Captan
318539,10602,2002,,0,!=,"""""",,,,orange,1,OK,0,,1776756160,1776756160,,mg/kg,overwritten to okay,,Chlorpyrifos-ethyl
318540,10604,2002,,0,!=,"""""",,,,orange,1,OK,0,,1776756160,1776756160,,mg/kg,overwritten to okay,,Chlorpyrifos-methyl
318541,10613,2002,,0,!=,"""""",,,,orange,1,OK,0,,1776756160,1776756160,,mg/kg,overwritten to okay,,Chloride ion
318542,10622,2002,,0,!=,"""""",,,,orange,1,OK,0,,1776756160,1776756160,,mg/kg,overwritten to okay,,Chlorantraniliprole
318543,10626,2002,,0,!=,"""""",,,,orange,1,OK,0,,1776756160,1776756160,,mg/kg,overwritten to okay,,Clethodim sulfone
318544,10642,2002,,0,!=,"""""",,,,orange,1,OK,0,,1776756160,1776756160,,mg/kg,overwritten to okay,,Coumaphos
318545,10643,2002,,0,!=,"""""",,,,orange,1,OK,0,,1776756160,1776756160,,mg/kg,overwritten to okay,,Dial
318546,10645,2002,,0,!=,"""""",,,,orange,1,OK,0,,1776756160,1776756160,,mg/kg,overwritten to okay,,Crotoxyphos
318547,10657,2002,,0,!=,"""""",,,,orange,1,OK,0,,1776756160,1776756160,,mg/kg,overwritten to okay,,Dichlorobenzamide
318548,10678,2002,,0,!=,"""""",,,,orange,1,OK,0,,1776756160,1776756160,,mg/kg,overwritten to okay,,Didecyldimethylammonium chloride - C8
318549,10679,2002,,0,!=,"""""",,,,orange,1,OK,0,,1776756160,1776756160,,mg/kg,overwritten to okay,,Cyromazine
318550,10682,2002,,0,!=,"""""",,,,orange,1,OK,0,,1776756160,1776756160,,mg/kg,overwritten to okay,,"DDD-p,p"
318551,10683,2002,,0,!=,"""""",,,,orange,1,OK,0,,1776756160,1776756160,,mg/kg,overwritten to okay,,Diethofencarb
318552,10690,2002,,0,!=,"""""",,,,orange,1,OK,0,,1776756160,1776756160,,mg/kg,overwritten to okay,,Difenoconazole
318553,10700,2002,,0,!=,"""""",,,,orange,1,OK,0,,1776756160,1776756160,,mg/kg,overwritten to okay,,Diflufenican
318554,10705,2002,,0,!=,"""""",,,,orange,1,OK,0,,1776756160,1776756160,,mg/kg,overwritten to okay,,"Endrin, Keto"
318555,10711,2002,,0,!=,"""""",,,,orange,1,OK,0,,1776756160,1776756160,,mg/kg,overwritten to okay,,Ethalfluralin
318556,10718,2002,,0,!=,"""""",,,,orange,1,OK,0,,1776756160,1776756160,,mg/kg,overwritten to okay,,"Dimethylphenylmethylformamidine, 2,4"
318557,10740,2002,,0,!=,"""""",,,,orange,1,OK,0,,1776756160,1776756160,,mg/kg,overwritten to okay,,Diphenamide
318558,10742,2002,,0,!=,"""""",,,,orange,1,OK,0,,1776756160,1776756160,,mg/kg,overwritten to okay,,Diphenylamine
318559,10743,2002,,0,!=,"""""",,,,orange,1,OK,0,,1776756160,1776756160,,mg/kg,overwritten to okay,,Fenamidone
318560,10744,2002,,0,!=,"""""",,,,orange,1,OK,0,,1776756160,1776756160,,mg/kg,overwritten to okay,,Dipropetry
318561,10746,2002,,0,!=,"""""",,,,orange,1,OK,0,,1776756160,1776756160,,mg/kg,overwritten to okay,,Disulfoton
318562,10747,2002,,0,!=,"""""",,,,orange,1,OK,0,,1776756160,1776756160,,mg/kg,overwritten to okay,,Fenamiphos sulfone
318563,10748,2002,,0,!=,"""""",,,,orange,1,OK,0,,1776756160,1776756160,,mg/kg,overwritten to okay,,Disulfoton sulfone
318564,10759,2002,,0,!=,"""""",,,,orange,1,OK,0,,1776756160,1776756160,,mg/kg,overwritten to okay,,Fenchlorphos
318565,10760,2002,,0,!=,"""""",,,,orange,1,OK,0,,1776756160,1776756160,,mg/kg,overwritten to okay,,EPN
318566,10761,2002,,0,!=,"""""",,,,orange,1,OK,0,,1776756160,1776756160,,mg/kg,overwritten to okay,,EPTC
318567,10774,2002,,0,!=,"""""",,,,orange,1,OK,0,,1776756160,1776756160,,mg/kg,overwritten to okay,,Fenobucarb
318568,10791,2002,,0,!=,"""""",,,,orange,1,OK,0,,1776756160,1776756160,,mg/kg,overwritten to okay,,Fenpyroximate
318569,10792,2002,,0,!=,"""""",,,,orange,1,OK,0,,1776756160,1776756160,,mg/kg,overwritten to okay,,Flupyradifurone
318570,10795,2002,,0,!=,"""""",,,,orange,1,OK,0,,1776756160,1776756160,,mg/kg,overwritten to okay,,Flurenol butyl
318571,10819,2002,,0,!=,"""""",,,,orange,1,OK,0,,1776756160,1776756160,,mg/kg,overwritten to okay,,Fipronil sulfone
318572,10825,2002,,0,!=,"""""",,,,orange,1,OK,0,,1776756160,1776756160,,mg/kg,overwritten to okay,,Formothion
318573,10830,2002,,0,!=,"""""",,,,orange,1,OK,0,,1776756160,1776756160,,mg/kg,overwritten to okay,,Fluazinam
318574,10831,2002,,0,!=,"""""",,,,orange,1,OK,0,,1776756160,1776756160,,mg/kg,overwritten to okay,,Furalaxyl
318575,10832,2002,,0,!=,"""""",,,,orange,1,OK,0,,1776756160,1776756160,,mg/kg,overwritten to okay,,Fluazuron
318576,10842,2002,,0,!=,"""""",,,,orange,1,OK,0,,1776756160,1776756160,,mg/kg,overwritten to okay,,Flufenacet oxalate
318577,10854,2002,,0,!=,"""""",,,,orange,1,OK,0,,1776756160,1776756160,,mg/kg,overwritten to okay,,Heptachlor
318578,10855,2002,,0,!=,"""""",,,,orange,1,OK,0,,1776756160,1776756160,,mg/kg,overwritten to okay,,Isofenphos-methyl
318579,10856,2002,,0,!=,"""""",,,,orange,1,OK,0,,1776756160,1776756160,,mg/kg,overwritten to okay,,Isofetamide
318580,10858,2002,,0,!=,"""""",,,,orange,1,OK,0,,1776756160,1776756160,,mg/kg,overwritten to okay,,Isoprocarb
318581,10865,2002,,0,!=,"""""",,,,orange,1,OK,0,,1776756160,1776756160,,mg/kg,overwritten to okay,,Isopyrazam
318582,10866,2002,,0,!=,"""""",,,,orange,1,OK,0,,1776756160,1776756160,,mg/kg,overwritten to okay,,Isoxaben
318583,10892,2002,,0,!=,"""""",,,,orange,1,OK,0,,1776756160,1776756160,,mg/kg,overwritten to okay,,Linuron
318584,10895,2002,,0,!=,"""""",,,,orange,1,OK,0,,1776756160,1776756160,,mg/kg,overwritten to okay,,MGK-264
318585,10897,2002,,0,!=,"""""",,,,orange,1,OK,0,,1776756160,1776756160,,mg/kg,overwritten to okay,,Iprobenphos
318586,10898,2002,,0,!=,"""""",,,,orange,1,OK,0,,1776756160,1776756160,,mg/kg,overwritten to okay,,Malaoxon
318587,10901,2002,,0,!=,"""""",,,,orange,1,OK,0,,1776756160,1776756160,,mg/kg,overwritten to okay,,Mandestrobin
318588,10908,2002,,0,!=,"""""",,,,orange,1,OK,0,,1776756160,1776756160,,mg/kg,overwritten to okay,,Mefenpyr diethyl
318589,10915,2002,,0,!=,"""""",,,,orange,1,OK,0,,1776756160,1776756160,,mg/kg,overwritten to okay,,Isodrin
318590,10922,2002,,0,!=,"""""",,,,orange,1,OK,0,,1776756160,1776756160,,mg/kg,overwritten to okay,,Monuron
318591,10924,2002,,0,!=,"""""",,,,orange,1,OK,0,,1776756160,1776756160,,mg/kg,overwritten to okay,,Morphothion
318592,10925,2002,,0,!=,"""""",,,,orange,1,OK,0,,1776756160,1776756160,,mg/kg,overwritten to okay,,Metaflumi zone
318593,10931,2002,,0,!=,"""""",,,,orange,1,OK,0,,1776756160,1776756160,,mg/kg,overwritten to okay,,Metazachlor
318594,10950,2002,,0,!=,"""""",,,,orange,1,OK,0,,1776756160,1776756160,,mg/kg,overwritten to okay,,Octachlorostyrene
318595,10955,2002,,0,!=,"""""",,,,orange,1,OK,0,,1776756160,1776756160,,mg/kg,overwritten to okay,,Methoxychlorine
318596,10956,2002,,0,!=,"""""",,,,orange,1,OK,0,,1776756160,1776756160,,mg/kg,overwritten to okay,,Oxadiazone
318597,10960,2002,,0,!=,"""""",,,,orange,1,OK,0,,1776756160,1776756160,,mg/kg,overwritten to okay,,Metobromuron
318598,10961,2002,,0,!=,"""""",,,,orange,1,OK,0,,1776756160,1776756160,,mg/kg,overwritten to okay,,Oxathiapiproline
318599,10962,2002,,0,!=,"""""",,,,orange,1,OK,0,,1776756160,1776756160,,mg/kg,overwritten to okay,,Metolachlor/S-metolachlor
318600,10965,2002,,0,!=,"""""",,,,orange,1,OK,0,,1776756160,1776756160,,mg/kg,overwritten to okay,,Oxydemeton-methyl
318601,10966,2002,,0,!=,"""""",,,,orange,1,OK,0,,1776756160,1776756160,,mg/kg,overwritten to okay,,Metosulam
318602,10969,2002,,0,!=,"""""",,,,orange,1,OK,0,,1776756160,1776756160,,mg/kg,overwritten to okay,,Metrafenone
318603,10972,2002,,0,!=,"""""",,,,orange,1,OK,0,,1776756160,1776756160,,mg/kg,overwritten to okay,,Paraoxone ethyl
318604,10973,2002,,0,!=,"""""",,,,orange,1,OK,0,,1776756160,1776756160,,mg/kg,overwritten to okay,,Metsulfuron-methyl
318605,10974,2002,,0,!=,"""""",,,,orange,1,OK,0,,1776756160,1776756160,,mg/kg,overwritten to okay,,Mevinphos
318606,10975,2002,,0,!=,"""""",,,,orange,1,OK,0,,1776756160,1776756160,,mg/kg,overwritten to okay,,Paraoxon-methyl
318607,10980,2002,,0,!=,"""""",,,,orange,1,OK,0,,1776756160,1776756160,,mg/kg,overwritten to okay,,Parathion-methyl
318608,10990,2002,,0,!=,"""""",,,,orange,1,OK,0,,1776756160,1776756160,,mg/kg,overwritten to okay,,Pencycuron
318609,10992,2002,,0,!=,"""""",,,,orange,1,OK,0,,1776756160,1776756160,,mg/kg,overwritten to okay,,Pencycuron-PB-amine
318610,10994,2002,,0,!=,"""""",,,,orange,1,OK,0,,1776756160,1776756160,,mg/kg,overwritten to okay,,Pendimethalin
318611,10997,2002,,0,!=,"""""",,,,orange,1,OK,0,,1776756160,1776756160,,mg/kg,overwritten to okay,,Prallethrin
318612,10998,2002,,0,!=,"""""",,,,orange,1,OK,0,,1776756160,1776756160,,mg/kg,overwritten to okay,,Pentachloroaniline
318613,11000,2002,,0,!=,"""""",,,,orange,1,OK,0,,1776756160,1776756160,,mg/kg,overwritten to okay,,Pretilachlor
318614,11014,2002,,0,!=,"""""",,,,orange,1,OK,0,,1776756160,1776756160,,mg/kg,overwritten to okay,,Pethoxamide
318615,11020,2002,,0,!=,"""""",,,,orange,1,OK,0,,1776756160,1776756160,,mg/kg,overwritten to okay,,Phenothrin
318616,11022,2002,,0,!=,"""""",,,,orange,1,OK,0,,1776756160,1776756160,,mg/kg,overwritten to okay,,Phenthoate
318617,11030,2002,,0,!=,"""""",,,,orange,1,OK,0,,1776756160,1776756160,,mg/kg,overwritten to okay,,Propiconazole
318618,11033,2002,,0,!=,"""""",,,,orange,1,OK,0,,1776756160,1776756160,,mg/kg,overwritten to okay,,Phorate sulfone
318619,11038,2002,,0,!=,"""""",,,,orange,1,OK,0,,1776756160,1776756160,,mg/kg,overwritten to okay,,"Propoxycarbazone, 2-hydroxy"
318620,11049,2002,,0,!=,"""""",,,,orange,1,OK,0,,1776756160,1776756160,,mg/kg,overwritten to okay,,Picoxystrobin
318621,11052,2002,,0,!=,"""""",,,,orange,1,OK,0,,1776756160,1776756160,,mg/kg,overwritten to okay,,Prothoat
318622,11053,2002,,0,!=,"""""",,,,orange,1,OK,0,,1776756160,1776756160,,mg/kg,overwritten to okay,,Pydiflumetofen
318623,11059,2002,,0,!=,"""""",,,,orange,1,OK,0,,1776756160,1776756160,,mg/kg,overwritten to okay,,Pyflubumide
318624,11060,2002,,0,!=,"""""",,,,orange,1,OK,0,,1776756160,1776756160,,mg/kg,overwritten to okay,,"Pyflubumide, -des(2-methyl-1oxopropyl)"
318625,11062,2002,,0,!=,"""""",,,,orange,1,OK,0,,1776756160,1776756160,,mg/kg,overwritten to okay,,Pymetrozine
318626,11074,2002,,0,!=,"""""",,,,orange,1,OK,0,,1776756160,1776756160,,mg/kg,overwritten to okay,,Spirodiclofen
318627,11105,2002,,0,!=,"""""",,,,orange,1,OK,0,,1776756160,1776756160,,mg/kg,overwritten to okay,,Quizalofop-P-Tefuryl
318628,11117,2002,,0,!=,"""""",,,,orange,1,OK,0,,1776756160,1776756160,,mg/kg,overwritten to okay,,Tefluthrin
318629,11134,2002,,0,!=,"""""",,,,orange,1,OK,0,,1776756160,1776756160,,mg/kg,overwritten to okay,,Tetraconazole
318630,11135,2002,,0,!=,"""""",,,,orange,1,OK,0,,1776756160,1776756160,,mg/kg,overwritten to okay,,Trichloronate
318631,11136,2002,,0,!=,"""""",,,,orange,1,OK,0,,1776756160,1776756160,,mg/kg,overwritten to okay,,Tetradifone
318632,11138,2002,,0,!=,"""""",,,,orange,1,OK,0,,1776756160,1776756160,,mg/kg,overwritten to okay,,Tridemorph
318633,11144,2002,,0,!=,"""""",,,,orange,1,OK,0,,1776756160,1776756160,,mg/kg,overwritten to okay,,Trifloxysulfuron
318634,11145,2002,,0,!=,"""""",,,,orange,1,OK,0,,1776756160,1776756160,,mg/kg,overwritten to okay,,Thiabendazole
318635,11146,2002,,0,!=,"""""",,,,orange,1,OK,0,,1776756160,1776756160,,mg/kg,overwritten to okay,,Triflumizole
318636,11147,2002,,0,!=,"""""",,,,orange,1,OK,0,,1776756160,1776756160,,mg/kg,overwritten to okay,,Thiacloprid
318637,11152,2002,,0,!=,"""""",,,,orange,1,OK,0,,1776756160,1776756160,,mg/kg,overwritten to okay,,Triforin
318638,11160,2002,,0,!=,"""""",,,,orange,1,OK,0,,1776756160,1776756160,,mg/kg,overwritten to okay,,Uniconazole
318639,11164,2002,,0,!=,"""""",,,,orange,1,OK,0,,1776756160,1776756160,,mg/kg,overwritten to okay,,Thiophanate-methyl
318640,11165,2002,,0,!=,"""""",,,,orange,1,OK,0,,1776756160,1776756160,,mg/kg,overwritten to okay,,Vinclozolin
318641,11177,2002,,0,!=,"""""",,,,orange,1,OK,0,,1776756160,1776756160,,mg/kg,overwritten to okay,,Triazamate
318642,10506,2002,,0,!=,"""""",,,,orange,1,OK,0,,1776756160,1776756160,,mg/kg,overwritten to okay,,4-Bromophenylurea
318643,10507,2002,,0,!=,"""""",,,,orange,1,OK,0,,1776756160,1776756160,,mg/kg,overwritten to okay,,Benfluralin
318644,10516,2002,,0,!=,"""""",,,,orange,1,OK,0,,1776756160,1776756160,,mg/kg,overwritten to okay,,Acibenzolar-S-Methyl
318645,10517,2002,,0,!=,"""""",,,,orange,1,OK,0,,1776756160,1776756160,,mg/kg,overwritten to okay,,Bensulfuron-methyl
318646,10519,2002,,0,!=,"""""",,,,orange,1,OK,0,,1776756160,1776756160,,mg/kg,overwritten to okay,,Benthiavalicarb isopropyl
318647,10536,2002,,0,!=,"""""",,,,orange,1,OK,0,,1776756160,1776756160,,mg/kg,overwritten to okay,,Amidosulfuron
318648,10567,2002,,0,!=,"""""",,,,orange,1,OK,0,,1776756160,1776756160,,mg/kg,overwritten to okay,,Bromophos-ethyl
318649,10586,2002,,0,!=,"""""",,,,orange,1,OK,0,,1776756160,1776756160,,mg/kg,overwritten to okay,,Butocarboxim
318650,10587,2002,,0,!=,"""""",,,,orange,1,OK,0,,1776756160,1776756160,,mg/kg,overwritten to okay,,Chlorfenvinphos
318651,10588,2002,,0,!=,"""""",,,,orange,1,OK,0,,1776756160,1776756160,,mg/kg,overwritten to okay,,Butoxycarboxim
318652,10589,2002,,0,!=,"""""",,,,orange,1,OK,0,,1776756160,1776756160,,mg/kg,overwritten to okay,,Chlorfluazuron
318653,10592,2002,,0,!=,"""""",,,,orange,1,OK,0,,1776756160,1776756160,,mg/kg,overwritten to okay,,Buturon
318654,10593,2002,,0,!=,"""""",,,,orange,1,OK,0,,1776756160,1776756160,,mg/kg,overwritten to okay,,"Chloridazon, desphenyl-"
318655,10594,2002,,0,!=,"""""",,,,orange,1,OK,0,,1776756160,1776756160,,mg/kg,overwritten to okay,,Butylate
318656,10595,2002,,0,!=,"""""",,,,orange,1,OK,0,,1776756160,1776756160,,mg/kg,overwritten to okay,,Chlormephos
318657,10603,2002,,0,!=,"""""",,,,orange,1,OK,0,,1776756160,1776756160,,mg/kg,overwritten to okay,,Carbaryl
318658,10605,2002,,0,!=,"""""",,,,orange,1,OK,0,,1776756160,1776756160,,mg/kg,overwritten to okay,,Carbendazim
318659,10606,2002,,0,!=,"""""",,,,orange,1,OK,0,,1776756160,1776756160,,mg/kg,overwritten to okay,,Chlorosulfuron
318660,10609,2002,,0,!=,"""""",,,,orange,1,OK,0,,1776756160,1776756160,,mg/kg,overwritten to okay,,"Carbofuran, 3-hydroxy-"
318661,10611,2002,,0,!=,"""""",,,,orange,1,OK,0,,1776756160,1776756160,,mg/kg,overwritten to okay,,Carbophenothione ethyl
318662,10616,2002,,0,!=,"""""",,,,orange,1,OK,0,,1776756160,1776756160,,mg/kg,overwritten to okay,,Carbosulfan
318663,10621,2002,,0,!=,"""""",,,,orange,1,OK,0,,1776756160,1776756160,,mg/kg,overwritten to okay,,Chromafenocide
318664,10644,2002,,0,!=,"""""",,,,orange,1,OK,0,,1776756160,1776756160,,mg/kg,overwritten to okay,,Criminologist
318665,10646,2002,,0,!=,"""""",,,,orange,1,OK,0,,1776756160,1776756160,,mg/kg,overwritten to okay,,Diazinon
318666,10655,2002,,0,!=,"""""",,,,orange,1,OK,0,,1776756160,1776756160,,mg/kg,overwritten to okay,,Dichlofluanid
318667,10656,2002,,0,!=,"""""",,,,orange,1,OK,0,,1776756160,1776756160,,mg/kg,overwritten to okay,,Cyazofamide
318668,10667,2002,,0,!=,"""""",,,,orange,1,OK,0,,1776756160,1776756160,,mg/kg,overwritten to okay,,Cyfluthrin
318669,10668,2002,,0,!=,"""""",,,,orange,1,OK,0,,1776756160,1776756160,,mg/kg,overwritten to okay,,Dicofol
318670,10669,2002,,0,!=,"""""",,,,orange,1,OK,0,,1776756160,1776756160,,mg/kg,overwritten to okay,,Cymoxanil
318671,10670,2002,,0,!=,"""""",,,,orange,1,OK,0,,1776756160,1776756160,,mg/kg,overwritten to okay,,Cypermethrin
318672,10693,2002,,0,!=,"""""",,,,orange,1,OK,0,,1776756160,1776756160,,mg/kg,overwritten to okay,,Demeton-S-Methyl
318673,10694,2002,,0,!=,"""""",,,,orange,1,OK,0,,1776756160,1776756160,,mg/kg,overwritten to okay,,Diflovidazine
318674,10704,2002,,0,!=,"""""",,,,orange,1,OK,0,,1776756160,1776756160,,mg/kg,overwritten to okay,,Dimefuron
318675,10712,2002,,0,!=,"""""",,,,orange,1,OK,0,,1776756160,1776756160,,mg/kg,overwritten to okay,,Dimethylaminosulfotoluidide
318676,10720,2002,,0,!=,"""""",,,,orange,1,OK,0,,1776756160,1776756160,,mg/kg,overwritten to okay,,"Ethofumesate, 2-keto/open ring 2-keto"
318677,10721,2002,,0,!=,"""""",,,,orange,1,OK,0,,1776756160,1776756160,,mg/kg,overwritten to okay,,Dimethylvinphos
318678,10730,2002,,0,!=,"""""",,,,orange,1,OK,0,,1776756160,1776756160,,mg/kg,overwritten to okay,,Etoxazole
318679,10733,2002,,0,!=,"""""",,,,orange,1,OK,0,,1776756160,1776756160,,mg/kg,overwritten to okay,,Dinotefuran
318680,10734,2002,,0,!=,"""""",,,,orange,1,OK,0,,1776756160,1776756160,,mg/kg,overwritten to okay,,Etrimfos
318681,10741,2002,,0,!=,"""""",,,,orange,1,OK,0,,1776756160,1776756160,,mg/kg,overwritten to okay,,Famoxadone
318682,10751,2002,,0,!=,"""""",,,,orange,1,OK,0,,1776756160,1776756160,,mg/kg,overwritten to okay,,Fenarimol
318683,10752,2002,,0,!=,"""""",,,,orange,1,OK,0,,1776756160,1776756160,,mg/kg,overwritten to okay,,Ditalimfos
318684,10753,2002,,0,!=,"""""",,,,orange,1,OK,0,,1776756160,1776756160,,mg/kg,overwritten to okay,,Fenazaquin
318685,10764,2002,,0,!=,"""""",,,,orange,1,OK,0,,1776756160,1776756160,,mg/kg,overwritten to okay,,Edifenphos
318686,10768,2002,,0,!=,"""""",,,,orange,1,OK,0,,1776756160,1776756160,,mg/kg,overwritten to okay,,Endosulfan-alpha
318687,10779,2002,,0,!=,"""""",,,,orange,1,OK,0,,1776756160,1776756160,,mg/kg,overwritten to okay,,Fenpiclonil
318688,10780,2002,,0,!=,"""""",,,,orange,1,OK,0,,1776756160,1776756160,,mg/kg,overwritten to okay,,Fluopicolide
318689,10785,2002,,0,!=,"""""",,,,orange,1,OK,0,,1776756160,1776756160,,mg/kg,overwritten to okay,,Fenpropidin
318690,10786,2002,,0,!=,"""""",,,,orange,1,OK,0,,1776756160,1776756160,,mg/kg,overwritten to okay,,Fluoroglycofen-ethyl
318691,10796,2002,,0,!=,"""""",,,,orange,1,OK,0,,1776756160,1776756160,,mg/kg,overwritten to okay,,Fensulfothion
318692,10803,2002,,0,!=,"""""",,,,orange,1,OK,0,,1776756160,1776756160,,mg/kg,overwritten to okay,,Flurprimidol
318693,10805,2002,,0,!=,"""""",,,,orange,1,OK,0,,1776756160,1776756160,,mg/kg,overwritten to okay,,Flusilazole
318694,10807,2002,,0,!=,"""""",,,,orange,1,OK,0,,1776756160,1776756160,,mg/kg,overwritten to okay,,Fluthiacet methyl
318695,10808,2002,,0,!=,"""""",,,,orange,1,OK,0,,1776756160,1776756160,,mg/kg,overwritten to okay,,Fenthion sulfoxide
318696,10809,2002,,0,!=,"""""",,,,orange,1,OK,0,,1776756160,1776756160,,mg/kg,overwritten to okay,,Flutolanil
318697,10810,2002,,0,!=,"""""",,,,orange,1,OK,0,,1776756160,1776756160,,mg/kg,overwritten to okay,,Fenuron
318698,10813,2002,,0,!=,"""""",,,,orange,1,OK,0,,1776756160,1776756160,,mg/kg,overwritten to okay,,Fluxametamide
318699,10817,2002,,0,!=,"""""",,,,orange,1,OK,0,,1776756160,1776756160,,mg/kg,overwritten to okay,,Fipronil sulphide
318700,10820,2002,,0,!=,"""""",,,,orange,1,OK,0,,1776756160,1776756160,,mg/kg,overwritten to okay,,Foramsulfuron
318701,10824,2002,,0,!=,"""""",,,,orange,1,OK,0,,1776756160,1776756160,,mg/kg,overwritten to okay,,Flazasulfuron
318702,10834,2002,,0,!=,"""""",,,,orange,1,OK,0,,1776756160,1776756160,,mg/kg,overwritten to okay,,Flubendiamide
318703,10835,2002,,0,!=,"""""",,,,orange,1,OK,0,,1776756160,1776756160,,mg/kg,overwritten to okay,,Genit
318704,10836,2002,,0,!=,"""""",,,,orange,1,OK,0,,1776756160,1776756160,,mg/kg,overwritten to okay,,Fluchloralin
318705,10837,2002,,0,!=,"""""",,,,orange,1,OK,0,,1776756160,1776756160,,mg/kg,overwritten to okay,,HCH-alpha
318706,10843,2002,,0,!=,"""""",,,,orange,1,OK,0,,1776756160,1776756160,,mg/kg,overwritten to okay,,Halfenprox
318707,10859,2002,,0,!=,"""""",,,,orange,1,OK,0,,1776756160,1776756160,,mg/kg,overwritten to okay,,"Heptachlor epoxide, trans"
318708,10861,2002,,0,!=,"""""",,,,orange,1,OK,0,,1776756160,1776756160,,mg/kg,overwritten to okay,,Isoprothiolane
318709,10872,2002,,0,!=,"""""",,,,orange,1,OK,0,,1776756160,1776756160,,mg/kg,overwritten to okay,,"Isoxaflutole, diketonitrile-"
318710,10875,2002,,0,!=,"""""",,,,orange,1,OK,0,,1776756160,1776756160,,mg/kg,overwritten to okay,,Icaridine
318711,10880,2002,,0,!=,"""""",,,,orange,1,OK,0,,1776756160,1776756160,,mg/kg,overwritten to okay,,Lactofen
318712,10881,2002,,0,!=,"""""",,,,orange,1,OK,0,,1776756160,1776756160,,mg/kg,overwritten to okay,,Imibenconazole
318713,10882,2002,,0,!=,"""""",,,,orange,1,OK,0,,1776756160,1776756160,,mg/kg,overwritten to okay,,Lambda-cyhalothrin
318714,10883,2002,,0,!=,"""""",,,,orange,1,OK,0,,1776756160,1776756160,,mg/kg,overwritten to okay,,Imidacloprid
318715,10890,2002,,0,!=,"""""",,,,orange,1,OK,0,,1776756160,1776756160,,mg/kg,overwritten to okay,,Inpyrfluxam
318716,10891,2002,,0,!=,"""""",,,,orange,1,OK,0,,1776756160,1776756160,,mg/kg,overwritten to okay,,Iodine fenphos
318717,10900,2002,,0,!=,"""""",,,,orange,1,OK,0,,1776756160,1776756160,,mg/kg,overwritten to okay,,Iprodione
318718,10904,2002,,0,!=,"""""",,,,orange,1,OK,0,,1776756160,1776756160,,mg/kg,overwritten to okay,,Isazofos
318719,10906,2002,,0,!=,"""""",,,,orange,1,OK,0,,1776756160,1776756160,,mg/kg,overwritten to okay,,Isobenzan
318720,10907,2002,,0,!=,"""""",,,,orange,1,OK,0,,1776756160,1776756160,,mg/kg,overwritten to okay,,Mecarbam
318721,10928,2002,,0,!=,"""""",,,,orange,1,OK,0,,1776756160,1776756160,,mg/kg,overwritten to okay,,Napropamide
318722,10937,2002,,0,!=,"""""",,,,orange,1,OK,0,,1776756160,1776756160,,mg/kg,overwritten to okay,,Methacrifos
318723,10940,2002,,0,!=,"""""",,,,orange,1,OK,0,,1776756160,1776756160,,mg/kg,overwritten to okay,,Nitrothal Isopropyl
318724,10954,2002,,0,!=,"""""",,,,orange,1,OK,0,,1776756160,1776756160,,mg/kg,overwritten to okay,,Omethoat
318725,10959,2002,,0,!=,"""""",,,,orange,1,OK,0,,1776756160,1776756160,,mg/kg,overwritten to okay,,Oxamyl
318726,10963,2002,,0,!=,"""""",,,,orange,1,OK,0,,1776756160,1776756160,,mg/kg,overwritten to okay,,Oxycarboxin
318727,10964,2002,,0,!=,"""""",,,,orange,1,OK,0,,1776756160,1776756160,,mg/kg,overwritten to okay,,Metolcarb
318728,10967,2002,,0,!=,"""""",,,,orange,1,OK,0,,1776756160,1776756160,,mg/kg,overwritten to okay,,Metoxuron
318729,10968,2002,,0,!=,"""""",,,,orange,1,OK,0,,1776756160,1776756160,,mg/kg,overwritten to okay,,Oxyfluorfen
318730,10978,2002,,0,!=,"""""",,,,orange,1,OK,0,,1776756160,1776756160,,mg/kg,overwritten to okay,,Milbemectin-A4
318731,10987,2002,,0,!=,"""""",,,,orange,1,OK,0,,1776756160,1776756160,,mg/kg,overwritten to okay,,Pebulat
318732,10988,2002,,0,!=,"""""",,,,orange,1,OK,0,,1776756160,1776756160,,mg/kg,overwritten to okay,,Penconazole
318733,10991,2002,,0,!=,"""""",,,,orange,1,OK,0,,1776756160,1776756160,,mg/kg,overwritten to okay,,Pirimiphos ethyl
318734,10993,2002,,0,!=,"""""",,,,orange,1,OK,0,,1776756160,1776756160,,mg/kg,overwritten to okay,,Pirimiphos-methyl
318735,11015,2002,,0,!=,"""""",,,,orange,1,OK,0,,1776756160,1776756160,,mg/kg,overwritten to okay,,Propamocarb
318736,11016,2002,,0,!=,"""""",,,,orange,1,OK,0,,1776756160,1776756160,,mg/kg,overwritten to okay,,Phenkapton
318737,11024,2002,,0,!=,"""""",,,,orange,1,OK,0,,1776756160,1776756160,,mg/kg,overwritten to okay,,Propazine
318738,11025,2002,,0,!=,"""""",,,,orange,1,OK,0,,1776756160,1776756160,,mg/kg,overwritten to okay,,"Phenylphenol, ortho"
318739,11026,2002,,0,!=,"""""",,,,orange,1,OK,0,,1776756160,1776756160,,mg/kg,overwritten to okay,,Propetamphos
318740,11043,2002,,0,!=,"""""",,,,orange,1,OK,0,,1776756160,1776756160,,mg/kg,overwritten to okay,,Phosphamidon
318741,11061,2002,,0,!=,"""""",,,,orange,1,OK,0,,1776756160,1776756160,,mg/kg,overwritten to okay,,Silafluofen
318742,11065,2002,,0,!=,"""""",,,,orange,1,OK,0,,1776756160,1776756160,,mg/kg,overwritten to okay,,Pyraclostrobin
318743,11067,2002,,0,!=,"""""",,,,orange,1,OK,0,,1776756160,1776756160,,mg/kg,overwritten to okay,,Pyraflufen ethyl
318744,11068,2002,,0,!=,"""""",,,,orange,1,OK,0,,1776756160,1776756160,,mg/kg,overwritten to okay,,Simeconazole
318745,11082,2002,,0,!=,"""""",,,,orange,1,OK,0,,1776756160,1776756160,,mg/kg,overwritten to okay,,"Spirotetramat, -ketohydroxy"
318746,11106,2002,,0,!=,"""""",,,,orange,1,OK,0,,1776756160,1776756160,,mg/kg,overwritten to okay,,Tebufenocide
318747,11107,2002,,0,!=,"""""",,,,orange,1,OK,0,,1776756160,1776756160,,mg/kg,overwritten to okay,,Tebufenpyrad
318748,11108,2002,,0,!=,"""""",,,,orange,1,OK,0,,1776756160,1776756160,,mg/kg,overwritten to okay,,Tebupirimfos
318749,11115,2002,,0,!=,"""""",,,,orange,1,OK,0,,1776756160,1776756160,,mg/kg,overwritten to okay,,Teflubenzuron
318750,11119,2002,,0,!=,"""""",,,,orange,1,OK,0,,1776756160,1776756160,,mg/kg,overwritten to okay,,Tepraloxydim
318751,11120,2002,,0,!=,"""""",,,,orange,1,OK,0,,1776756160,1776756160,,mg/kg,overwritten to okay,,Sethoxydim
318752,11121,2002,,0,!=,"""""",,,,orange,1,OK,0,,1776756160,1776756160,,mg/kg,overwritten to okay,,Terbacil
318753,11127,2002,,0,!=,"""""",,,,orange,1,OK,0,,1776756160,1776756160,,mg/kg,overwritten to okay,,"Trichlorobenzene, 1,2,3"
318754,11128,2002,,0,!=,"""""",,,,orange,1,OK,0,,1776756160,1776756160,,mg/kg,overwritten to okay,,Terbuthylazine
318755,11130,2002,,0,!=,"""""",,,,orange,1,OK,0,,1776756160,1776756160,,mg/kg,overwritten to okay,,Terbutryn
318756,11137,2002,,0,!=,"""""",,,,orange,1,OK,0,,1776756160,1776756160,,mg/kg,overwritten to okay,,Tricyclazole
318757,11139,2002,,0,!=,"""""",,,,orange,1,OK,0,,1776756160,1776756160,,mg/kg,overwritten to okay,,Tetramethrin
318758,11149,2002,,0,!=,"""""",,,,orange,1,OK,0,,1776756160,1776756160,,mg/kg,overwritten to okay,,Thiamethoxam
318759,11150,2002,,0,!=,"""""",,,,orange,1,OK,0,,1776756160,1776756160,,mg/kg,overwritten to okay,,Trifluralin
318760,11151,2002,,0,!=,"""""",,,,orange,1,OK,0,,1776756160,1776756160,,mg/kg,overwritten to okay,,Thifensulfuron-methyl
318761,11157,2002,,0,!=,"""""",,,,orange,1,OK,0,,1776756160,1776756160,,mg/kg,overwritten to okay,,Thiofanox
318762,11161,2002,,0,!=,"""""",,,,orange,1,OK,0,,1776756160,1776756160,,mg/kg,overwritten to okay,,Thionazine
318763,11166,2002,,0,!=,"""""",,,,orange,1,OK,0,,1776756160,1776756160,,mg/kg,overwritten to okay,,Tioxazafen
318764,11174,2002,,0,!=,"""""",,,,orange,1,OK,0,,1776756160,1776756160,,mg/kg,overwritten to okay,,Triadimenol
318765,11183,2002,,0,!=,"""""",,,,orange,1,OK,0,,1776756160,1776756160,,mg/kg,overwritten to okay,,Clothianidin
318766,11184,2002,,0,!=,"""""",,,,orange,1,OK,0,,1776756160,1776756160,,mg/kg,overwritten to okay,,"Spirotetramat, -enol glucoside"
318767,11242,2002,,0,!=,"""""",,,,orange,1,OK,0,,1776756160,1776756160,,mg/kg,overwritten to okay,,"Benzyladenin, 6-"
318768,11426,2002,,0,!=,"""""",,,,orange,1,OK,0,,1776756160,1776756160,,mg/kg,overwritten to okay,,Prothioconazole (Prothioconazole-Desthio)
318769,10905,2002,,0,!=,"""""",,,,orange,1,OK,0,,1776756160,1776756160,,mg/kg,overwritten to okay,,"Matrine, qualitative"
318770,5369,2002,,0,!=,"""""",,,,orange,1,OK,0,,1776756160,1776756160,,mg/kg,overwritten to okay,,"Pesticides GC-MS/MS, QuEChERS"
318771,5370,2002,,0,!=,"""""",,,,orange,1,OK,0,,1776756160,1776756160,,mg/kg,overwritten to okay,,"Pesticides LC-MS/MS, QuEChERS"
318772,10501,2002,,0,!=,"""""",,,,orange,1,OK,0,,1776756160,1776756160,,mg/kg,overwritten to okay,,"2,3,4,5-Tetrachloroanisole"
318773,10508,2002,,0,!=,"""""",,,,orange,1,OK,0,,1776756160,1776756160,,mg/kg,overwritten to okay,,Abamectin
318774,10515,2002,,0,!=,"""""",,,,orange,1,OK,0,,1776756160,1776756160,,mg/kg,overwritten to okay,,Benoxacor
318775,10524,2002,,0,!=,"""""",,,,orange,1,OK,0,,1776756160,1776756160,,mg/kg,overwritten to okay,,Benzalkonium chloride - C12
318776,10525,2002,,0,!=,"""""",,,,orange,1,OK,0,,1776756160,1776756160,,mg/kg,overwritten to okay,,Aldicarb sulfone
318777,10527,2002,,0,!=,"""""",,,,orange,1,OK,0,,1776756160,1776756160,,mg/kg,overwritten to okay,,Aldicarb sulfoxide
318778,10531,2002,,0,!=,"""""",,,,orange,1,OK,0,,1776756160,1776756160,,mg/kg,overwritten to okay,,Ametoctradine
318779,10532,2002,,0,!=,"""""",,,,orange,1,OK,0,,1776756160,1776756160,,mg/kg,overwritten to okay,,Benzalkonium chloride - C18
318780,10537,2002,,0,!=,"""""",,,,orange,1,OK,0,,1776756160,1776756160,,mg/kg,overwritten to okay,,Aminocarb
318781,10566,2002,,0,!=,"""""",,,,orange,1,OK,0,,1776756160,1776756160,,mg/kg,overwritten to okay,,Chlorobenzuron
318782,10577,2002,,0,!=,"""""",,,,orange,1,OK,0,,1776756160,1776756160,,mg/kg,overwritten to okay,,Bupirimat
318783,10581,2002,,0,!=,"""""",,,,orange,1,OK,0,,1776756160,1776756160,,mg/kg,overwritten to okay,,Butachlor
318784,10607,2002,,0,!=,"""""",,,,orange,1,OK,0,,1776756160,1776756160,,mg/kg,overwritten to okay,,Carbofuran
318785,10618,2002,,0,!=,"""""",,,,orange,1,OK,0,,1776756160,1776756160,,mg/kg,overwritten to okay,,Carboxin
318786,10619,2002,,0,!=,"""""",,,,orange,1,OK,0,,1776756160,1776756160,,mg/kg,overwritten to okay,,Chlozolinate
318787,10620,2002,,0,!=,"""""",,,,orange,1,OK,0,,1776756160,1776756160,,mg/kg,overwritten to okay,,Carboxyl sulfoxide
318788,10634,2002,,0,!=,"""""",,,,orange,1,OK,0,,1776756160,1776756160,,mg/kg,overwritten to okay,,Desmedipham
318789,10635,2002,,0,!=,"""""",,,,orange,1,OK,0,,1776756160,1776756160,,mg/kg,overwritten to okay,,Clofentezine
318790,10636,2002,,0,!=,"""""",,,,orange,1,OK,0,,1776756160,1776756160,,mg/kg,overwritten to okay,,Clomazone
318791,10637,2002,,0,!=,"""""",,,,orange,1,OK,0,,1776756160,1776756160,,mg/kg,overwritten to okay,,Desmetryn
318792,10664,2002,,0,!=,"""""",,,,orange,1,OK,0,,1776756160,1776756160,,mg/kg,overwritten to okay,,Diclofop-methyl
318793,10671,2002,,0,!=,"""""",,,,orange,1,OK,0,,1776756160,1776756160,,mg/kg,overwritten to okay,,Dicrotophos
318794,10695,2002,,0,!=,"""""",,,,orange,1,OK,0,,1776756160,1776756160,,mg/kg,overwritten to okay,,Demeton-S-methylsulfone
318795,10703,2002,,0,!=,"""""",,,,orange,1,OK,0,,1776756160,1776756160,,mg/kg,overwritten to okay,,Endrin
318796,10707,2002,,0,!=,"""""",,,,orange,1,OK,0,,1776756160,1776756160,,mg/kg,overwritten to okay,,Epoxiconazole
318797,10715,2002,,0,!=,"""""",,,,orange,1,OK,0,,1776756160,1776756160,,mg/kg,overwritten to okay,,"Dimethylphenylformamide, 2,4"
318798,10723,2002,,0,!=,"""""",,,,orange,1,OK,0,,1776756160,1776756160,,mg/kg,overwritten to okay,,Dimetilan
318799,10724,2002,,0,!=,"""""",,,,orange,1,OK,0,,1776756160,1776756160,,mg/kg,overwritten to okay,,Ethoxyquin
318800,10767,2002,,0,!=,"""""",,,,orange,1,OK,0,,1776756160,1776756160,,mg/kg,overwritten to okay,,Fenitrothion
318801,10778,2002,,0,!=,"""""",,,,orange,1,OK,0,,1776756160,1776756160,,mg/kg,overwritten to okay,,Fluometuron
318802,10798,2002,,0,!=,"""""",,,,orange,1,OK,0,,1776756160,1776756160,,mg/kg,overwritten to okay,,Fenthion
318803,10802,2002,,0,!=,"""""",,,,orange,1,OK,0,,1776756160,1776756160,,mg/kg,overwritten to okay,,Fenthion oxon sulfone
318804,10811,2002,,0,!=,"""""",,,,orange,1,OK,0,,1776756160,1776756160,,mg/kg,overwritten to okay,,Flutriafol
318805,10822,2002,,0,!=,"""""",,,,orange,1,OK,0,,1776756160,1776756160,,mg/kg,overwritten to okay,,Flamprop-Methyl
318806,10823,2002,,0,!=,"""""",,,,orange,1,OK,0,,1776756160,1776756160,,mg/kg,overwritten to okay,,Formetanate
318807,10827,2002,,0,!=,"""""",,,,orange,1,OK,0,,1776756160,1776756160,,mg/kg,overwritten to okay,,Fosthiazate
318808,10833,2002,,0,!=,"""""",,,,orange,1,OK,0,,1776756160,1776756160,,mg/kg,overwritten to okay,,Furathiocarb
318809,10851,2002,,0,!=,"""""",,,,orange,1,OK,0,,1776756160,1776756160,,mg/kg,overwritten to okay,,Haloxyfop-2-ethoxyethyl
318810,10876,2002,,0,!=,"""""",,,,orange,1,OK,0,,1776756160,1776756160,,mg/kg,overwritten to okay,,Ivermectin
318811,10884,2002,,0,!=,"""""",,,,orange,1,OK,0,,1776756160,1776756160,,mg/kg,overwritten to okay,,Imidaclothiz
318812,10885,2002,,0,!=,"""""",,,,orange,1,OK,0,,1776756160,1776756160,,mg/kg,overwritten to okay,,Lenacil
318813,10896,2002,,0,!=,"""""",,,,orange,1,OK,0,,1776756160,1776756160,,mg/kg,overwritten to okay,,Ipconazole
318814,10916,2002,,0,!=,"""""",,,,orange,1,OK,0,,1776756160,1776756160,,mg/kg,overwritten to okay,,Mepanipyrim
318815,10917,2002,,0,!=,"""""",,,,orange,1,OK,0,,1776756160,1776756160,,mg/kg,overwritten to okay,,Mephosfolan
318816,10921,2002,,0,!=,"""""",,,,orange,1,OK,0,,1776756160,1776756160,,mg/kg,overwritten to okay,,Meptyldinocap
318817,10926,2002,,0,!=,"""""",,,,orange,1,OK,0,,1776756160,1776756160,,mg/kg,overwritten to okay,,Myclobutanil
318818,10938,2002,,0,!=,"""""",,,,orange,1,OK,0,,1776756160,1776756160,,mg/kg,overwritten to okay,,Nitrofen
318819,10958,2002,,0,!=,"""""",,,,orange,1,OK,0,,1776756160,1776756160,,mg/kg,overwritten to okay,,Methoxyfenocide
318820,10971,2002,,0,!=,"""""",,,,orange,1,OK,0,,1776756160,1776756160,,mg/kg,overwritten to okay,,Metribuzin
318821,11002,2002,,0,!=,"""""",,,,orange,1,OK,0,,1776756160,1776756160,,mg/kg,overwritten to okay,,Primisulfuron-methyl
318822,11004,2002,,0,!=,"""""",,,,orange,1,OK,0,,1776756160,1776756160,,mg/kg,overwritten to okay,,Prochloraz
318823,11005,2002,,0,!=,"""""",,,,orange,1,OK,0,,1776756160,1776756160,,mg/kg,overwritten to okay,,Pentachlorothioanisole
318824,11006,2002,,0,!=,"""""",,,,orange,1,OK,0,,1776756160,1776756160,,mg/kg,overwritten to okay,,Procymidone
318825,11007,2002,,0,!=,"""""",,,,orange,1,OK,0,,1776756160,1776756160,,mg/kg,overwritten to okay,,Profenofos
318826,11008,2002,,0,!=,"""""",,,,orange,1,OK,0,,1776756160,1776756160,,mg/kg,overwritten to okay,,Penthiopy wheel
318827,11013,2002,,0,!=,"""""",,,,orange,1,OK,0,,1776756160,1776756160,,mg/kg,overwritten to okay,,Prometryn
318828,11023,2002,,0,!=,"""""",,,,orange,1,OK,0,,1776756160,1776756160,,mg/kg,overwritten to okay,,Propargite
318829,11034,2002,,0,!=,"""""",,,,orange,1,OK,0,,1776756160,1776756160,,mg/kg,overwritten to okay,,Propoxur
318830,11035,2002,,0,!=,"""""",,,,orange,1,OK,0,,1776756160,1776756160,,mg/kg,overwritten to okay,,Phosalon
318831,11036,2002,,0,!=,"""""",,,,orange,1,OK,0,,1776756160,1776756160,,mg/kg,overwritten to okay,,Propoxycarbazone
318832,11037,2002,,0,!=,"""""",,,,orange,1,OK,0,,1776756160,1776756160,,mg/kg,overwritten to okay,,Phosfolan
318833,11044,2002,,0,!=,"""""",,,,orange,1,OK,0,,1776756160,1776756160,,mg/kg,overwritten to okay,,Prosulfocarb
318834,11045,2002,,0,!=,"""""",,,,orange,1,OK,0,,1776756160,1776756160,,mg/kg,overwritten to okay,,Phoxim
318835,11063,2002,,0,!=,"""""",,,,orange,1,OK,0,,1776756160,1776756160,,mg/kg,overwritten to okay,,Pyraclofos
318836,11073,2002,,0,!=,"""""",,,,orange,1,OK,0,,1776756160,1776756160,,mg/kg,overwritten to okay,,Pyridafol
318837,11083,2002,,0,!=,"""""",,,,orange,1,OK,0,,1776756160,1776756160,,mg/kg,overwritten to okay,,Pyrifluquinazone
318838,11084,2002,,0,!=,"""""",,,,orange,1,OK,0,,1776756160,1776756160,,mg/kg,overwritten to okay,,"Spirotetramat, -monohydroxy"
318839,11086,2002,,0,!=,"""""",,,,orange,1,OK,0,,1776756160,1776756160,,mg/kg,overwritten to okay,,Spiroxamine
318840,11087,2002,,0,!=,"""""",,,,orange,1,OK,0,,1776756160,1776756160,,mg/kg,overwritten to okay,,Pyrimidifen
318841,11089,2002,,0,!=,"""""",,,,orange,1,OK,0,,1776756160,1776756160,,mg/kg,overwritten to okay,,Pyrimidate
318842,11090,2002,,0,!=,"""""",,,,orange,1,OK,0,,1776756160,1776756160,,mg/kg,overwritten to okay,,Sulfentrazone
318843,11091,2002,,0,!=,"""""",,,,orange,1,OK,0,,1776756160,1776756160,,mg/kg,overwritten to okay,,Pyriproxyfen
318844,11093,2002,,0,!=,"""""",,,,orange,1,OK,0,,1776756160,1776756160,,mg/kg,overwritten to okay,,Pyroxsulam
318845,11094,2002,,0,!=,"""""",,,,orange,1,OK,0,,1776756160,1776756160,,mg/kg,overwritten to okay,,Sulfotep
318846,11095,2002,,0,!=,"""""",,,,orange,1,OK,0,,1776756160,1776756160,,mg/kg,overwritten to okay,,Quinalphos
318847,11096,2002,,0,!=,"""""",,,,orange,1,OK,0,,1776756160,1776756160,,mg/kg,overwritten to okay,,Sulfoxaflor
318848,11097,2002,,0,!=,"""""",,,,orange,1,OK,0,,1776756160,1776756160,,mg/kg,overwritten to okay,,Quinoclamine
318849,11098,2002,,0,!=,"""""",,,,orange,1,OK,0,,1776756160,1776756160,,mg/kg,overwritten to okay,,Sulprofos
318850,11099,2002,,0,!=,"""""",,,,orange,1,OK,0,,1776756160,1776756160,,mg/kg,overwritten to okay,,Quinoxyfen
318851,11101,2002,,0,!=,"""""",,,,orange,1,OK,0,,1776756160,1776756160,,mg/kg,overwritten to okay,,Quintozene
318852,11104,2002,,0,!=,"""""",,,,orange,1,OK,0,,1776756160,1776756160,,mg/kg,overwritten to okay,,Tebuconazole
318853,11111,2002,,0,!=,"""""",,,,orange,1,OK,0,,1776756160,1776756160,,mg/kg,overwritten to okay,,rotenone
318854,11112,2002,,0,!=,"""""",,,,orange,1,OK,0,,1776756160,1776756160,,mg/kg,overwritten to okay,,Tebuthiuron
318855,11113,2002,,0,!=,"""""",,,,orange,1,OK,0,,1776756160,1776756160,,mg/kg,overwritten to okay,,Tecnazen
318856,11114,2002,,0,!=,"""""",,,,orange,1,OK,0,,1776756160,1776756160,,mg/kg,overwritten to okay,,S-421
318857,11116,2002,,0,!=,"""""",,,,orange,1,OK,0,,1776756160,1776756160,,mg/kg,overwritten to okay,,Sebutylazine
318858,11126,2002,,0,!=,"""""",,,,orange,1,OK,0,,1776756160,1776756160,,mg/kg,overwritten to okay,,Terbumeton
318859,11148,2002,,0,!=,"""""",,,,orange,1,OK,0,,1776756160,1776756160,,mg/kg,overwritten to okay,,Triflumuron
318860,11168,2002,,0,!=,"""""",,,,orange,1,OK,0,,1776756160,1776756160,,mg/kg,overwritten to okay,,Tolclofos-methyl
318861,11170,2002,,0,!=,"""""",,,,orange,1,OK,0,,1776756160,1776756160,,mg/kg,overwritten to okay,,Tolylfluanid
318862,11171,2002,,0,!=,"""""",,,,orange,1,OK,0,,1776756160,1776756160,,mg/kg,overwritten to okay,,Tralkoxydim
318863,11172,2002,,0,!=,"""""",,,,orange,1,OK,0,,1776756160,1776756160,,mg/kg,overwritten to okay,,Transfluthrin
318864,11173,2002,,0,!=,"""""",,,,orange,1,OK,0,,1776756160,1776756160,,mg/kg,overwritten to okay,,Triadimefon
318865,11175,2002,,0,!=,"""""",,,,orange,1,OK,0,,1776756160,1776756160,,mg/kg,overwritten to okay,,Triallate
318866,11295,2002,,0,!=,"""""",,,,orange,1,OK,0,,1776756160,1776756160,,mg/kg,overwritten to okay,,"DDT-p,p"
318867,11323,2002,,0,!=,"""""",,,,orange,1,OK,0,,1776756160,1776756160,,mg/kg,overwritten to okay,,Fenvalerate/esfenvalerate
318868,10503,2002,,0,!=,"""""",,,,orange,1,OK,0,,1776756160,1776756160,,mg/kg,overwritten to okay,,Benalaxyl
318869,10504,2002,,0,!=,"""""",,,,orange,1,OK,0,,1776756160,1776756160,,mg/kg,overwritten to okay,,"2,4,6-Trichloroanisole"
318870,10509,2002,,0,!=,"""""",,,,orange,1,OK,0,,1776756160,1776756160,,mg/kg,overwritten to okay,,Benfuracarb
318871,10522,2002,,0,!=,"""""",,,,orange,1,OK,0,,1776756160,1776756160,,mg/kg,overwritten to okay,,Alachlor
318872,10565,2002,,0,!=,"""""",,,,orange,1,OK,0,,1776756160,1776756160,,mg/kg,overwritten to okay,,Bromine cycles
318873,10570,2002,,0,!=,"""""",,,,orange,1,OK,0,,1776756160,1776756160,,mg/kg,overwritten to okay,,Chlorobufam
318874,10571,2002,,0,!=,"""""",,,,orange,1,OK,0,,1776756160,1776756160,,mg/kg,overwritten to okay,,"Chlordane, Cis-"
318875,10572,2002,,0,!=,"""""",,,,orange,1,OK,0,,1776756160,1776756160,,mg/kg,overwritten to okay,,Bromoxynil
318876,10574,2002,,0,!=,"""""",,,,orange,1,OK,0,,1776756160,1776756160,,mg/kg,overwritten to okay,,Bromopropylate
318877,10582,2002,,0,!=,"""""",,,,orange,1,OK,0,,1776756160,1776756160,,mg/kg,overwritten to okay,,Chlorfenprop-methyl
318878,10590,2002,,0,!=,"""""",,,,orange,1,OK,0,,1776756160,1776756160,,mg/kg,overwritten to okay,,Chloridazon
318879,10591,2002,,0,!=,"""""",,,,orange,1,OK,0,,1776756160,1776756160,,mg/kg,overwritten to okay,,Butralin
318880,10600,2002,,0,!=,"""""",,,,orange,1,OK,0,,1776756160,1776756160,,mg/kg,overwritten to okay,,Chlorpropylate
318881,10614,2002,,0,!=,"""""",,,,orange,1,OK,0,,1776756160,1776756160,,mg/kg,overwritten to okay,,Carbophenothion-methyl
318882,10624,2002,,0,!=,"""""",,,,orange,1,OK,0,,1776756160,1776756160,,mg/kg,overwritten to okay,,Clethodim
318883,10627,2002,,0,!=,"""""",,,,orange,1,OK,0,,1776756160,1776756160,,mg/kg,overwritten to okay,,Chlorobenzilate
318884,10632,2002,,0,!=,"""""",,,,orange,1,OK,0,,1776756160,1776756160,,mg/kg,overwritten to okay,,Clethodim sulfoxide
318885,10641,2002,,0,!=,"""""",,,,orange,1,OK,0,,1776756160,1776756160,,mg/kg,overwritten to okay,,Dialifos
318886,10647,2002,,0,!=,"""""",,,,orange,1,OK,0,,1776756160,1776756160,,mg/kg,overwritten to okay,,Crufomat
318887,10648,2002,,0,!=,"""""",,,,orange,1,OK,0,,1776756160,1776756160,,mg/kg,overwritten to okay,,Dicaphthon
318888,10649,2002,,0,!=,"""""",,,,orange,1,OK,0,,1776756160,1776756160,,mg/kg,overwritten to okay,,Cyanazine
318889,10653,2002,,0,!=,"""""",,,,orange,1,OK,0,,1776756160,1776756160,,mg/kg,overwritten to okay,,Dichlofenthion
318890,10660,2002,,0,!=,"""""",,,,orange,1,OK,0,,1776756160,1776756160,,mg/kg,overwritten to okay,,Cycloate
318891,10665,2002,,0,!=,"""""",,,,orange,1,OK,0,,1776756160,1776756160,,mg/kg,overwritten to okay,,Cyflumetofen
318892,10687,2002,,0,!=,"""""",,,,orange,1,OK,0,,1776756160,1776756160,,mg/kg,overwritten to okay,,"DDT-o,p"
318893,10691,2002,,0,!=,"""""",,,,orange,1,OK,0,,1776756160,1776756160,,mg/kg,overwritten to okay,,Deltamethrin
318894,10701,2002,,0,!=,"""""",,,,orange,1,OK,0,,1776756160,1776756160,,mg/kg,overwritten to okay,,Endosulfan sulphate
318895,10725,2002,,0,!=,"""""",,,,orange,1,OK,0,,1776756160,1776756160,,mg/kg,overwritten to okay,,Dimoxystrobin
318896,10737,2002,,0,!=,"""""",,,,orange,1,OK,0,,1776756160,1776756160,,mg/kg,overwritten to okay,,Dioxacarb
318897,10738,2002,,0,!=,"""""",,,,orange,1,OK,0,,1776756160,1776756160,,mg/kg,overwritten to okay,,Famophos
318898,10749,2002,,0,!=,"""""",,,,orange,1,OK,0,,1776756160,1776756160,,mg/kg,overwritten to okay,,Fenamiphos sulfoxide
318899,10750,2002,,0,!=,"""""",,,,orange,1,OK,0,,1776756160,1776756160,,mg/kg,overwritten to okay,,Disulfoton sulfoxide
318900,10762,2002,,0,!=,"""""",,,,orange,1,OK,0,,1776756160,1776756160,,mg/kg,overwritten to okay,,Fenchlorphos-oxone
318901,10773,2002,,0,!=,"""""",,,,orange,1,OK,0,,1776756160,1776756160,,mg/kg,overwritten to okay,,Endosulfan-beta
318902,10777,2002,,0,!=,"""""",,,,orange,1,OK,0,,1776756160,1776756160,,mg/kg,overwritten to okay,,Fenoxycarb
318903,10783,2002,,0,!=,"""""",,,,orange,1,OK,0,,1776756160,1776756160,,mg/kg,overwritten to okay,,Fenpropathrin
318904,10789,2002,,0,!=,"""""",,,,orange,1,OK,0,,1776756160,1776756160,,mg/kg,overwritten to okay,,Fenpyrazamine
318905,10790,2002,,0,!=,"""""",,,,orange,1,OK,0,,1776756160,1776756160,,mg/kg,overwritten to okay,,Fluoxastrobin
318906,10793,2002,,0,!=,"""""",,,,orange,1,OK,0,,1776756160,1776756160,,mg/kg,overwritten to okay,,Fenson
318907,10794,2002,,0,!=,"""""",,,,orange,1,OK,0,,1776756160,1776756160,,mg/kg,overwritten to okay,,Fluquinconazole
318908,10840,2002,,0,!=,"""""",,,,orange,1,OK,0,,1776756160,1776756160,,mg/kg,overwritten to okay,,HCH-beta
318909,10841,2002,,0,!=,"""""",,,,orange,1,OK,0,,1776756160,1776756160,,mg/kg,overwritten to okay,,Flufenacet
318910,10860,2002,,0,!=,"""""",,,,orange,1,OK,0,,1776756160,1776756160,,mg/kg,overwritten to okay,,Isopropalin
318911,10863,2002,,0,!=,"""""",,,,orange,1,OK,0,,1776756160,1776756160,,mg/kg,overwritten to okay,,Isoproturon
318912,10867,2002,,0,!=,"""""",,,,orange,1,OK,0,,1776756160,1776756160,,mg/kg,overwritten to okay,,Hexaconazole
318913,10868,2002,,0,!=,"""""",,,,orange,1,OK,0,,1776756160,1776756160,,mg/kg,overwritten to okay,,Isoxadifen ethyl
318914,10869,2002,,0,!=,"""""",,,,orange,1,OK,0,,1776756160,1776756160,,mg/kg,overwritten to okay,,Hexaflumuron
318915,10877,2002,,0,!=,"""""",,,,orange,1,OK,0,,1776756160,1776756160,,mg/kg,overwritten to okay,,Karanjin
318916,10887,2002,,0,!=,"""""",,,,orange,1,OK,0,,1776756160,1776756160,,mg/kg,overwritten to okay,,Leptophos
318917,10888,2002,,0,!=,"""""",,,,orange,1,OK,0,,1776756160,1776756160,,mg/kg,overwritten to okay,,Indoxacarb
318918,10889,2002,,0,!=,"""""",,,,orange,1,OK,0,,1776756160,1776756160,,mg/kg,overwritten to okay,,Lindane (HCH-gamma)
318919,10899,2002,,0,!=,"""""",,,,orange,1,OK,0,,1776756160,1776756160,,mg/kg,overwritten to okay,,Malathion
318920,10903,2002,,0,!=,"""""",,,,orange,1,OK,0,,1776756160,1776756160,,mg/kg,overwritten to okay,,Mandipropamide
318921,10919,2002,,0,!=,"""""",,,,orange,1,OK,0,,1776756160,1776756160,,mg/kg,overwritten to okay,,Mepronil
318922,10920,2002,,0,!=,"""""",,,,orange,1,OK,0,,1776756160,1776756160,,mg/kg,overwritten to okay,,Monolinuron
318923,10923,2002,,0,!=,"""""",,,,orange,1,OK,0,,1776756160,1776756160,,mg/kg,overwritten to okay,,Mesosulfuron-methyl
318924,10927,2002,,0,!=,"""""",,,,orange,1,OK,0,,1776756160,1776756160,,mg/kg,overwritten to okay,,Metalaxyl/Metalaxyl-M
318925,10929,2002,,0,!=,"""""",,,,orange,1,OK,0,,1776756160,1776756160,,mg/kg,overwritten to okay,,Metamitron
318926,10948,2002,,0,!=,"""""",,,,orange,1,OK,0,,1776756160,1776756160,,mg/kg,overwritten to okay,,Nuarimol
318927,10957,2002,,0,!=,"""""",,,,orange,1,OK,0,,1776756160,1776756160,,mg/kg,overwritten to okay,,Oxadixyl
318928,10970,2002,,0,!=,"""""",,,,orange,1,OK,0,,1776756160,1776756160,,mg/kg,overwritten to okay,,Paclobutrazol
318929,10976,2002,,0,!=,"""""",,,,orange,1,OK,0,,1776756160,1776756160,,mg/kg,overwritten to okay,,Milbemectin-A3
318930,10986,2002,,0,!=,"""""",,,,orange,1,OK,0,,1776756160,1776756160,,mg/kg,overwritten to okay,,Monalid
318931,10996,2002,,0,!=,"""""",,,,orange,1,OK,0,,1776756160,1776756160,,mg/kg,overwritten to okay,,Penflufen
318932,11003,2002,,0,!=,"""""",,,,orange,1,OK,0,,1776756160,1776756160,,mg/kg,overwritten to okay,,Pentachlorobenzonitrile
318933,11017,2002,,0,!=,"""""",,,,orange,1,OK,0,,1776756160,1776756160,,mg/kg,overwritten to okay,,Propanil
318934,11019,2002,,0,!=,"""""",,,,orange,1,OK,0,,1776756160,1776756160,,mg/kg,overwritten to okay,,Propaphos
318935,11021,2002,,0,!=,"""""",,,,orange,1,OK,0,,1776756160,1776756160,,mg/kg,overwritten to okay,,Propaquizafop
318936,11027,2002,,0,!=,"""""",,,,orange,1,OK,0,,1776756160,1776756160,,mg/kg,overwritten to okay,,Propham
318937,11028,2002,,0,!=,"""""",,,,orange,1,OK,0,,1776756160,1776756160,,mg/kg,overwritten to okay,,Phorate
318938,11029,2002,,0,!=,"""""",,,,orange,1,OK,0,,1776756160,1776756160,,mg/kg,overwritten to okay,,Phorate oxone
318939,11040,2002,,0,!=,"""""",,,,orange,1,OK,0,,1776756160,1776756160,,mg/kg,overwritten to okay,,Propyzamide
318940,11041,2002,,0,!=,"""""",,,,orange,1,OK,0,,1776756160,1776756160,,mg/kg,overwritten to okay,,Proquinazid
318941,11042,2002,,0,!=,"""""",,,,orange,1,OK,0,,1776756160,1776756160,,mg/kg,overwritten to okay,,Phosmet-Oxon
318942,11050,2002,,0,!=,"""""",,,,orange,1,OK,0,,1776756160,1776756160,,mg/kg,overwritten to okay,,Prothiofos
318943,11051,2002,,0,!=,"""""",,,,orange,1,OK,0,,1776756160,1776756160,,mg/kg,overwritten to okay,,Piperonyl butoxide
318944,11069,2002,,0,!=,"""""",,,,orange,1,OK,0,,1776756160,1776756160,,mg/kg,overwritten to okay,,Pyrazophos
318945,11070,2002,,0,!=,"""""",,,,orange,1,OK,0,,1776756160,1776756160,,mg/kg,overwritten to okay,,Spinetoram
318946,11075,2002,,0,!=,"""""",,,,orange,1,OK,0,,1776756160,1776756160,,mg/kg,overwritten to okay,,Spiromesifen
318947,11076,2002,,0,!=,"""""",,,,orange,1,OK,0,,1776756160,1776756160,,mg/kg,overwritten to okay,,Pyridalyl
318948,11077,2002,,0,!=,"""""",,,,orange,1,OK,0,,1776756160,1776756160,,mg/kg,overwritten to okay,,Spirotetramat
318949,11079,2002,,0,!=,"""""",,,,orange,1,OK,0,,1776756160,1776756160,,mg/kg,overwritten to okay,,"Spirotetramat, -enol"
318950,11081,2002,,0,!=,"""""",,,,orange,1,OK,0,,1776756160,1776756160,,mg/kg,overwritten to okay,,Pyrifenox
318951,11085,2002,,0,!=,"""""",,,,orange,1,OK,0,,1776756160,1776756160,,mg/kg,overwritten to okay,,Pyrimethanil
318952,11088,2002,,0,!=,"""""",,,,orange,1,OK,0,,1776756160,1776756160,,mg/kg,overwritten to okay,,Sulfallat
318953,11103,2002,,0,!=,"""""",,,,orange,1,OK,0,,1776756160,1776756160,,mg/kg,overwritten to okay,,Quizalofop ethyl
318954,11140,2002,,0,!=,"""""",,,,orange,1,OK,0,,1776756160,1776756160,,mg/kg,overwritten to okay,,Trifenmorph
318955,11153,2002,,0,!=,"""""",,,,orange,1,OK,0,,1776756160,1776756160,,mg/kg,overwritten to okay,,Thiobencarb
318956,11176,2002,,0,!=,"""""",,,,orange,1,OK,0,,1776756160,1776756160,,mg/kg,overwritten to okay,,Triasulfuron
318957,11178,2002,,0,!=,"""""",,,,orange,1,OK,0,,1776756160,1776756160,,mg/kg,overwritten to okay,,Triazophos
318958,11179,2002,,0,!=,"""""",,,,orange,1,OK,0,,1776756160,1776756160,,mg/kg,overwritten to okay,,Triazoxide
318959,11263,2002,,0,!=,"""""",,,,orange,1,OK,0,,1776756160,1776756160,,mg/kg,overwritten to okay,,Bifenthrin
318960,11886,2002,,0,!=,"""""",,,,orange,1,OK,0,,1776756160,1776756160,,mg/kg,overwritten to okay,,Pyrethrins
318961,11887,2002,,0,!=,"""""",,,,orange,1,OK,0,,1776756160,1776756160,,mg/kg,overwritten to okay,,Resmethrin
318962,10639,2002,,0,!=,"""""",,,,orange,1,OK,0,,1776756160,1776756160,,mg/kg,overwritten to okay,,Diafenthiuron
318963,11080,2002,,0,!=,"""""",,,,orange,1,OK,0,,1776756160,1776756160,,mg/kg,overwritten to okay,,Pyridate
318964,10502,2002,,0,!=,"""""",,,,orange,1,OK,0,,1776756160,1776756160,,mg/kg,overwritten to okay,,"2,3,5,6-Tetrachloroaniline"
318965,10514,2002,,0,!=,"""""",,,,orange,1,OK,0,,1776756160,1776756160,,mg/kg,overwritten to okay,,Acetochlor
318966,10520,2002,,0,!=,"""""",,,,orange,1,OK,0,,1776756160,1776756160,,mg/kg,overwritten to okay,,Acrinathrin
318967,10521,2002,,0,!=,"""""",,,,orange,1,OK,0,,1776756160,1776756160,,mg/kg,overwritten to okay,,Benzalkonium chloride - C10
318968,10528,2002,,0,!=,"""""",,,,orange,1,OK,0,,1776756160,1776756160,,mg/kg,overwritten to okay,,Aldrin
318969,10538,2002,,0,!=,"""""",,,,orange,1,OK,0,,1776756160,1776756160,,mg/kg,overwritten to okay,,Benzovindiflupyr
318970,10539,2002,,0,!=,"""""",,,,orange,1,OK,0,,1776756160,1776756160,,mg/kg,overwritten to okay,,Amisul bromine
318971,10542,2002,,0,!=,"""""",,,,orange,1,OK,0,,1776756160,1776756160,,mg/kg,overwritten to okay,,Anilofos
318972,10543,2002,,0,!=,"""""",,,,orange,1,OK,0,,1776756160,1776756160,,mg/kg,overwritten to okay,,Bifenazat
318973,10544,2002,,0,!=,"""""",,,,orange,1,OK,0,,1776756160,1776756160,,mg/kg,overwritten to okay,,Anthraquinone
318974,10545,2002,,0,!=,"""""",,,,orange,1,OK,0,,1776756160,1776756160,,mg/kg,overwritten to okay,,Bifenox
318975,10552,2002,,0,!=,"""""",,,,orange,1,OK,0,,1776756160,1776756160,,mg/kg,overwritten to okay,,Bitertanol
318976,10553,2002,,0,!=,"""""",,,,orange,1,OK,0,,1776756160,1776756160,,mg/kg,overwritten to okay,,Azinphos-ethyl
318977,10557,2002,,0,!=,"""""",,,,orange,1,OK,0,,1776756160,1776756160,,mg/kg,overwritten to okay,,Azoxystrobin
318978,10559,2002,,0,!=,"""""",,,,orange,1,OK,0,,1776756160,1776756160,,mg/kg,overwritten to okay,,Bromacil
318979,10560,2002,,0,!=,"""""",,,,orange,1,OK,0,,1776756160,1776756160,,mg/kg,overwritten to okay,,Bromadiolone
318980,10564,2002,,0,!=,"""""",,,,orange,1,OK,0,,1776756160,1776756160,,mg/kg,overwritten to okay,,Bromfenvinphos
318981,10569,2002,,0,!=,"""""",,,,orange,1,OK,0,,1776756160,1776756160,,mg/kg,overwritten to okay,,Bromophos-methyl
318982,10580,2002,,0,!=,"""""",,,,orange,1,OK,0,,1776756160,1776756160,,mg/kg,overwritten to okay,,Chlorfenapyr
318983,10583,2002,,0,!=,"""""",,,,orange,1,OK,0,,1776756160,1776756160,,mg/kg,overwritten to okay,,Butafenacil
318984,10584,2002,,0,!=,"""""",,,,orange,1,OK,0,,1776756160,1776756160,,mg/kg,overwritten to okay,,Chlorfenson
318985,10597,2002,,0,!=,"""""",,,,orange,1,OK,0,,1776756160,1776756160,,mg/kg,overwritten to okay,,Chloroneb
318986,10598,2002,,0,!=,"""""",,,,orange,1,OK,0,,1776756160,1776756160,,mg/kg,overwritten to okay,,Chlorpropham
318987,10599,2002,,0,!=,"""""",,,,orange,1,OK,0,,1776756160,1776756160,,mg/kg,overwritten to okay,,Captafol
318988,10608,2002,,0,!=,"""""",,,,orange,1,OK,0,,1776756160,1776756160,,mg/kg,overwritten to okay,,Chlorothalodimethyl
318989,10610,2002,,0,!=,"""""",,,,orange,1,OK,0,,1776756160,1776756160,,mg/kg,overwritten to okay,,Chlorothalonil
318990,10617,2002,,0,!=,"""""",,,,orange,1,OK,0,,1776756160,1776756160,,mg/kg,overwritten to okay,,Chlorotoluron
318991,10625,2002,,0,!=,"""""",,,,orange,1,OK,0,,1776756160,1776756160,,mg/kg,overwritten to okay,,Chlorobenzide
318992,10651,2002,,0,!=,"""""",,,,orange,1,OK,0,,1776756160,1776756160,,mg/kg,overwritten to okay,,Dichlobenil
318993,10652,2002,,0,!=,"""""",,,,orange,1,OK,0,,1776756160,1776756160,,mg/kg,overwritten to okay,,Cyanophos
318994,10658,2002,,0,!=,"""""",,,,orange,1,OK,0,,1776756160,1776756160,,mg/kg,overwritten to okay,,Cyclaniliprole
318995,10659,2002,,0,!=,"""""",,,,orange,1,OK,0,,1776756160,1776756160,,mg/kg,overwritten to okay,,Dichlorvos
318996,10666,2002,,0,!=,"""""",,,,orange,1,OK,0,,1776756160,1776756160,,mg/kg,overwritten to okay,,Dicloran
318997,10672,2002,,0,!=,"""""",,,,orange,1,OK,0,,1776756160,1776756160,,mg/kg,overwritten to okay,,Cyphenothrin
318998,10673,2002,,0,!=,"""""",,,,orange,1,OK,0,,1776756160,1776756160,,mg/kg,overwritten to okay,,Didecyldimethylammonium chloride - C10
318999,10675,2002,,0,!=,"""""",,,,orange,1,OK,0,,1776756160,1776756160,,mg/kg,overwritten to okay,,Didecyldimethylammonium chloride - C12
319000,10676,2002,,0,!=,"""""",,,,orange,1,OK,0,,1776756160,1776756160,,mg/kg,overwritten to okay,,Cyprodinil
319001,10677,2002,,0,!=,"""""",,,,orange,1,OK,0,,1776756160,1776756160,,mg/kg,overwritten to okay,,Cyprosulfamide
319002,10681,2002,,0,!=,"""""",,,,orange,1,OK,0,,1776756160,1776756160,,mg/kg,overwritten to okay,,Dieldrin
319003,10684,2002,,0,!=,"""""",,,,orange,1,OK,0,,1776756160,1776756160,,mg/kg,overwritten to okay,,"DDE-o,p"
319004,10685,2002,,0,!=,"""""",,,,orange,1,OK,0,,1776756160,1776756160,,mg/kg,overwritten to okay,,Diethyltoluamide
319005,10692,2002,,0,!=,"""""",,,,orange,1,OK,0,,1776756160,1776756160,,mg/kg,overwritten to okay,,Difenoxuron
319006,10702,2002,,0,!=,"""""",,,,orange,1,OK,0,,1776756160,1776756160,,mg/kg,overwritten to okay,,Dimefox
319007,10713,2002,,0,!=,"""""",,,,orange,1,OK,0,,1776756160,1776756160,,mg/kg,overwritten to okay,,Ethiofencarb
319008,10714,2002,,0,!=,"""""",,,,orange,1,OK,0,,1776756160,1776756160,,mg/kg,overwritten to okay,,Ethion
319009,10716,2002,,0,!=,"""""",,,,orange,1,OK,0,,1776756160,1776756160,,mg/kg,overwritten to okay,,Ethiprol
319010,10722,2002,,0,!=,"""""",,,,orange,1,OK,0,,1776756160,1776756160,,mg/kg,overwritten to okay,,Ethoprophos
319011,10732,2002,,0,!=,"""""",,,,orange,1,OK,0,,1776756160,1776756160,,mg/kg,overwritten to okay,,Etridiazole
319012,10736,2002,,0,!=,"""""",,,,orange,1,OK,0,,1776756160,1776756160,,mg/kg,overwritten to okay,,FM-6-1
319013,10745,2002,,0,!=,"""""",,,,orange,1,OK,0,,1776756160,1776756160,,mg/kg,overwritten to okay,,Fenamiphos
319014,10755,2002,,0,!=,"""""",,,,orange,1,OK,0,,1776756160,1776756160,,mg/kg,overwritten to okay,,Fenbuconazole
319015,10756,2002,,0,!=,"""""",,,,orange,1,OK,0,,1776756160,1776756160,,mg/kg,overwritten to okay,,Dodemorph
319016,10782,2002,,0,!=,"""""",,,,orange,1,OK,0,,1776756160,1776756160,,mg/kg,overwritten to okay,,Fluopyram
319017,10787,2002,,0,!=,"""""",,,,orange,1,OK,0,,1776756160,1776756160,,mg/kg,overwritten to okay,,Fenpropimorph
319018,10788,2002,,0,!=,"""""",,,,orange,1,OK,0,,1776756160,1776756160,,mg/kg,overwritten to okay,,Fluotrimazole
319019,10797,2002,,0,!=,"""""",,,,orange,1,OK,0,,1776756160,1776756160,,mg/kg,overwritten to okay,,Flurenol-methyl
319020,10806,2002,,0,!=,"""""",,,,orange,1,OK,0,,1776756160,1776756160,,mg/kg,overwritten to okay,,Fenthion sulfone
319021,10814,2002,,0,!=,"""""",,,,orange,1,OK,0,,1776756160,1776756160,,mg/kg,overwritten to okay,,Fluxapyroxad
319022,10815,2002,,0,!=,"""""",,,,orange,1,OK,0,,1776756160,1776756160,,mg/kg,overwritten to okay,,Fipronil
319023,10821,2002,,0,!=,"""""",,,,orange,1,OK,0,,1776756160,1776756160,,mg/kg,overwritten to okay,,Forchlorfenuron
319024,10826,2002,,0,!=,"""""",,,,orange,1,OK,0,,1776756160,1776756160,,mg/kg,overwritten to okay,,Florasulam
319025,10828,2002,,0,!=,"""""",,,,orange,1,OK,0,,1776756160,1776756160,,mg/kg,overwritten to okay,,Fluazifop-P-butyl
319026,10829,2002,,0,!=,"""""",,,,orange,1,OK,0,,1776756160,1776756160,,mg/kg,overwritten to okay,,Fuberidazole
319027,10838,2002,,0,!=,"""""",,,,orange,1,OK,0,,1776756160,1776756160,,mg/kg,overwritten to okay,,Flucythrinate
319028,10839,2002,,0,!=,"""""",,,,orange,1,OK,0,,1776756160,1776756160,,mg/kg,overwritten to okay,,Fludioxonil
319029,10852,2002,,0,!=,"""""",,,,orange,1,OK,0,,1776756160,1776756160,,mg/kg,overwritten to okay,,Isofenphos-ethyl
319030,10853,2002,,0,!=,"""""",,,,orange,1,OK,0,,1776756160,1776756160,,mg/kg,overwritten to okay,,Haloxyfop-methyl
319031,10862,2002,,0,!=,"""""",,,,orange,1,OK,0,,1776756160,1776756160,,mg/kg,overwritten to okay,,Heptenophos
319032,10864,2002,,0,!=,"""""",,,,orange,1,OK,0,,1776756160,1776756160,,mg/kg,overwritten to okay,,Hexachlorobenzene
319033,10902,2002,,0,!=,"""""",,,,orange,1,OK,0,,1776756160,1776756160,,mg/kg,overwritten to okay,,Iprovalicarb
319034,10909,2002,,0,!=,"""""",,,,orange,1,OK,0,,1776756160,1776756160,,mg/kg,overwritten to okay,,Isocarbophos
319035,10930,2002,,0,!=,"""""",,,,orange,1,OK,0,,1776756160,1776756160,,mg/kg,overwritten to okay,,Neburon
319036,10932,2002,,0,!=,"""""",,,,orange,1,OK,0,,1776756160,1776756160,,mg/kg,overwritten to okay,,Nitenpyram
319037,10936,2002,,0,!=,"""""",,,,orange,1,OK,0,,1776756160,1776756160,,mg/kg,overwritten to okay,,Nitrapyrin
319038,10942,2002,,0,!=,"""""",,,,orange,1,OK,0,,1776756160,1776756160,,mg/kg,overwritten to okay,,Non-chlorine
319039,10943,2002,,0,!=,"""""",,,,orange,1,OK,0,,1776756160,1776756160,,mg/kg,overwritten to okay,,Methiocarb
319040,10944,2002,,0,!=,"""""",,,,orange,1,OK,0,,1776756160,1776756160,,mg/kg,overwritten to okay,,Norflurazon
319041,10949,2002,,0,!=,"""""",,,,orange,1,OK,0,,1776756160,1776756160,,mg/kg,overwritten to okay,,Methomyl
319042,10952,2002,,0,!=,"""""",,,,orange,1,OK,0,,1776756160,1776756160,,mg/kg,overwritten to okay,,Ofurace
319043,10953,2002,,0,!=,"""""",,,,orange,1,OK,0,,1776756160,1776756160,,mg/kg,overwritten to okay,,Methothrin
319044,10989,2002,,0,!=,"""""",,,,orange,1,OK,0,,1776756160,1776756160,,mg/kg,overwritten to okay,,Pirimicarb
319045,10995,2002,,0,!=,"""""",,,,orange,1,OK,0,,1776756160,1776756160,,mg/kg,overwritten to okay,,Plifenat
319046,11001,2002,,0,!=,"""""",,,,orange,1,OK,0,,1776756160,1776756160,,mg/kg,overwritten to okay,,Pentachlorobenzene
319047,11011,2002,,0,!=,"""""",,,,orange,1,OK,0,,1776756160,1776756160,,mg/kg,overwritten to okay,,Promecarb
319048,11012,2002,,0,!=,"""""",,,,orange,1,OK,0,,1776756160,1776756160,,mg/kg,overwritten to okay,,Perthan
319049,11018,2002,,0,!=,"""""",,,,orange,1,OK,0,,1776756160,1776756160,,mg/kg,overwritten to okay,,Phenmedipham
319050,11031,2002,,0,!=,"""""",,,,orange,1,OK,0,,1776756160,1776756160,,mg/kg,overwritten to okay,,Phorate oxon sulfone
319051,11064,2002,,0,!=,"""""",,,,orange,1,OK,0,,1776756160,1776756160,,mg/kg,overwritten to okay,,Silthiofam
319052,11071,2002,,0,!=,"""""",,,,orange,1,OK,0,,1776756160,1776756160,,mg/kg,overwritten to okay,,Spinosad
319053,11072,2002,,0,!=,"""""",,,,orange,1,OK,0,,1776756160,1776756160,,mg/kg,overwritten to okay,,Pyridaben
319054,11092,2002,,0,!=,"""""",,,,orange,1,OK,0,,1776756160,1776756160,,mg/kg,overwritten to okay,,Sulfosulfuron
319055,11100,2002,,0,!=,"""""",,,,orange,1,OK,0,,1776756160,1776756160,,mg/kg,overwritten to okay,,TEPP
319056,11109,2002,,0,!=,"""""",,,,orange,1,OK,0,,1776756160,1776756160,,mg/kg,overwritten to okay,,Rimsulfuron
319057,11110,2002,,0,!=,"""""",,,,orange,1,OK,0,,1776756160,1776756160,,mg/kg,overwritten to okay,,Tebutam
319058,11125,2002,,0,!=,"""""",,,,orange,1,OK,0,,1776756160,1776756160,,mg/kg,overwritten to okay,,Terbufos
319059,11129,2002,,0,!=,"""""",,,,orange,1,OK,0,,1776756160,1776756160,,mg/kg,overwritten to okay,,"Trichlorobenzene, 1,2,4-"
319060,11131,2002,,0,!=,"""""",,,,orange,1,OK,0,,1776756160,1776756160,,mg/kg,overwritten to okay,,"Trichlorobenzene, 1,3,5"
319061,11132,2002,,0,!=,"""""",,,,orange,1,OK,0,,1776756160,1776756160,,mg/kg,overwritten to okay,,Tetrachlorvinphos
319062,11141,2002,,0,!=,"""""",,,,orange,1,OK,0,,1776756160,1776756160,,mg/kg,overwritten to okay,,Tetrasul
319063,11142,2002,,0,!=,"""""",,,,orange,1,OK,0,,1776756160,1776756160,,mg/kg,overwritten to okay,,Trifloxystrobin
319064,11143,2002,,0,!=,"""""",,,,orange,1,OK,0,,1776756160,1776756160,,mg/kg,overwritten to okay,,Thenyl chlorine
319065,11154,2002,,0,!=,"""""",,,,orange,1,OK,0,,1776756160,1776756160,,mg/kg,overwritten to okay,,Trimethacarb
319066,11155,2002,,0,!=,"""""",,,,orange,1,OK,0,,1776756160,1776756160,,mg/kg,overwritten to okay,,Thiodicarb
319067,11156,2002,,0,!=,"""""",,,,orange,1,OK,0,,1776756160,1776756160,,mg/kg,overwritten to okay,,Triticonazole
319068,11158,2002,,0,!=,"""""",,,,orange,1,OK,0,,1776756160,1776756160,,mg/kg,overwritten to okay,,Tritosulfuron
319069,11159,2002,,0,!=,"""""",,,,orange,1,OK,0,,1776756160,1776756160,,mg/kg,overwritten to okay,,Thiometon
319070,11162,2002,,0,!=,"""""",,,,orange,1,OK,0,,1776756160,1776756160,,mg/kg,overwritten to okay,,Valifenalate
319071,11163,2002,,0,!=,"""""",,,,orange,1,OK,0,,1776756160,1776756160,,mg/kg,overwritten to okay,,Vamidothion
319072,11167,2002,,0,!=,"""""",,,,orange,1,OK,0,,1776756160,1776756160,,mg/kg,overwritten to okay,,Zoxamide
319073,11180,2002,,0,!=,"""""",,,,orange,1,OK,0,,1776756160,1776756160,,mg/kg,overwritten to okay,,Tribenuron-methyl
319074,11326,2002,,0,!=,"""""",,,,orange,1,OK,0,,1776756160,1776756160,,mg/kg,overwritten to okay,,Tau-fluvalinate
319075,11343,2002,,0,!=,"""""",,,,orange,1,OK,0,,1776756160,1776756160,,mg/kg,overwritten to okay,,Hexythiazox
319076,5398,2002,,0,!=,"""""",,,,orange,1,OK,0,,1776756160,1776756160,,µg/kg,overwritten to okay,,Echimidine N-oxide
319077,5399,2002,,0,!=,"""""",,,,orange,1,OK,0,,1776756160,1776756160,,µg/kg,overwritten to okay,,Heliosupine N-oxide
319078,5400,2002,,0,!=,"""""",,,,orange,1,OK,0,,1776756160,1776756160,,µg/kg,overwritten to okay,,"Echimidine/Heliosupine, total"
319079,5401,2002,,0,!=,"""""",,,,orange,1,OK,0,,1776756160,1776756160,,µg/kg,overwritten to okay,,Echinatin N-oxide
319080,5402,2002,,0,!=,"""""",,,,orange,1,OK,0,,1776756160,1776756160,,µg/kg,overwritten to okay,,Europine
319081,5403,2002,,0,!=,"""""",,,,orange,1,OK,0,,1776756160,1776756160,,µg/kg,overwritten to okay,,Europin-N-oxide
319082,5404,2002,,0,!=,"""""",,,,orange,1,OK,0,,1776756160,1776756160,,µg/kg,overwritten to okay,,Heliotrin
319083,5405,2002,,0,!=,"""""",,,,orange,1,OK,0,,1776756160,1776756160,,µg/kg,overwritten to okay,,Heliotrin-N-oxide
319084,5406,2002,,0,!=,"""""",,,,orange,1,OK,0,,1776756160,1776756160,,µg/kg,overwritten to okay,,"Integerrimin-N-oxide/ Senecionin-N-oxide, sum"
319085,5407,2002,,0,!=,"""""",,,,orange,1,OK,0,,1776756160,1776756160,,µg/kg,overwritten to okay,,Intermedine
319086,5408,2002,,0,!=,"""""",,,,orange,1,OK,0,,1776756160,1776756160,,µg/kg,overwritten to okay,,"Intermedin-N-oxide/Indicin-N-oxide, sum"
319087,5409,2002,,0,!=,"""""",,,,orange,1,OK,0,,1776756160,1776756160,,µg/kg,overwritten to okay,,Lasiocarpine
319088,5410,2002,,0,!=,"""""",,,,orange,1,OK,0,,1776756160,1776756160,,µg/kg,overwritten to okay,,Lasiocarpine N-oxide
319089,5411,2002,,0,!=,"""""",,,,orange,1,OK,0,,1776756160,1776756160,,µg/kg,overwritten to okay,,"Lycopsamine/indicator, total"
319090,5412,2002,,0,!=,"""""",,,,orange,1,OK,0,,1776756160,1776756160,,µg/kg,overwritten to okay,,Lycopsamine N-oxide
319091,5413,2002,,0,!=,"""""",,,,orange,1,OK,0,,1776756160,1776756160,,µg/kg,overwritten to okay,,"Retrorsine/Usaramine, total"
319092,5415,2002,,0,!=,"""""",,,,orange,1,OK,0,,1776756160,1776756160,,µg/kg,overwritten to okay,,"Rinderine/Echinatine, total"
319093,5416,2002,,0,!=,"""""",,,,orange,1,OK,0,,1776756160,1776756160,,µg/kg,overwritten to okay,,Rinderin N-oxide
319094,5417,2002,,0,!=,"""""",,,,orange,1,OK,0,,1776756160,1776756160,,µg/kg,overwritten to okay,,Senecionine
319095,5418,2002,,0,!=,"""""",,,,orange,1,OK,0,,1776756160,1776756160,,µg/kg,overwritten to okay,,Seneciphyllin
319096,5419,2002,,0,!=,"""""",,,,orange,1,OK,0,,1776756160,1776756160,,µg/kg,overwritten to okay,,Seneciphyllin-N-oxide
319097,5420,2002,,0,!=,"""""",,,,orange,1,OK,0,,1776756160,1776756160,,µg/kg,overwritten to okay,,"Senecivernin/Integerrimin, total"
319098,5421,2002,,0,!=,"""""",,,,orange,1,OK,0,,1776756160,1776756160,,µg/kg,overwritten to okay,,Senecivernin-N-oxide
319099,5422,2002,,0,!=,"""""",,,,orange,1,OK,0,,1776756160,1776756160,,µg/kg,overwritten to okay,,Senkirkine
319100,5423,2002,,0,!=,"""""",,,,orange,1,OK,0,,1776756160,1776756160,,µg/kg,overwritten to okay,,Spartioidine
319101,5424,2002,,0,!=,"""""",,,,orange,1,OK,0,,1776756160,1776756160,,µg/kg,overwritten to okay,,Spartioidin-N-oxide
319102,5425,2002,,0,!=,"""""",,,,orange,1,OK,0,,1776756160,1776756160,,µg/kg,overwritten to okay,,Erucifoline
319103,5426,2002,,0,!=,"""""",,,,orange,1,OK,0,,1776756160,1776756160,,µg/kg,overwritten to okay,,Erucifolin-N-oxide
319104,5427,2002,,0,!=,"""""",,,,orange,1,OK,0,,1776756160,1776756160,,µg/kg,overwritten to okay,,Jacobins
319105,5428,2002,,0,!=,"""""",,,,orange,1,OK,0,,1776756160,1776756160,,µg/kg,overwritten to okay,,Jacobin N-oxide
319106,5429,2002,,0,!=,"""""",,,,orange,1,OK,0,,1776756160,1776756160,,µg/kg,overwritten to okay,,Monocrotaline
319107,5431,2002,,0,!=,"""""",,,,orange,1,OK,0,,1776756160,1776756160,,µg/kg,overwritten to okay,,Trichodes mine
319108,11378,2002,,0,!=,"""""",,,,orange,1,OK,0,,1776756160,1776756160,,µg/kg,overwritten to okay,,Monocrotaline N-oxide
319109,11673,2002,,0,!=,"""""",,,,orange,1,OK,0,,1776756160,1776756160,,µg/kg,overwritten to okay,,"Retrorsine N-oxide/usaramine N-oxide, total"
319110,11926,2002,,0,!=,"""""",,,,orange,1,OK,0,,1776756160,1776756160,,µg/kg,overwritten to okay,,Pyrrolizidine alkaloids (PA)
319111,5432,2002,,0,!=,"""""",,,,orange,1,OK,0,,1776756160,1776756160,,µg/kg,overwritten to okay,,"Pyrrolizidine alkaloids, sum BfR-28"
319112,5433,2002,,0,!=,"""""",,,,orange,1,OK,0,,1776756160,1776756160,,µg/kg,overwritten to okay,,"Pyrrolizidine alkaloids, sum VO VO 2023/915'"
319113,5438,2002,,0,!=,"""""",,,,orange,1,OK,0,,1776756160,1776756160,,mg/kg,overwritten to okay,,Propan-2-ol
319114,5435,2002,,0,!=,"""""",,,,orange,1,OK,0,,1776756160,1776756160,,mg/kg,overwritten to okay,,Methanol
319115,5437,2002,,0,!=,"""""",,,,orange,1,OK,0,,1776756160,1776756160,,mg/kg,overwritten to okay,,n-hexane
319116,5434,2002,,0,!=,"""""",,,,orange,1,OK,0,,1776756160,1776756160,,mg/kg,overwritten to okay,,Acetone
319117,5436,2002,,0,!=,"""""",,,,orange,1,OK,0,,1776756160,1776756160,,mg/kg,overwritten to okay,,Ethanol*
319118,5439,2002,,0,!=,"""""",,,,orange,1,OK,0,,1776756160,1776756160,,mg/kg,overwritten to okay,,Methyl acetate
319119,5440,2002,,0,!=,"""""",,,,orange,1,OK,0,,1776756160,1776756160,,mg/kg,overwritten to okay,,Ethyl acetate
319120,5441,2002,,0,!=,"""""",,,,orange,1,OK,0,,1776756160,1776756160,,mg/kg,overwritten to okay,,Butyl acetate
319121,5443,2002,,0,!=,"""""",,,,orange,1,OK,0,,1776756160,1776756160,,mg/kg,overwritten to okay,,Dichloromethane
319122,11319,2002,,0,!=,"""""",,,,orange,1,OK,0,,1776756160,1776756160,,mg/kg,overwritten to okay,,Ethyl methyl ketone (= methyl ethyl ketone (MEK))
319123,11777,2002,,0,!=,"""""",,,,orange,1,OK,0,,1776756160,1776756160,,mg/kg,overwritten to okay,,Solvent residues
319124,5497,2002,,0,!=,"""""",,,,orange,1,OK,0,,1776756160,1776756160,,mg/kg,overwritten to okay,,THC* total
319125,5498,2002,,0,!=,"""""",,,,orange,1,OK,0,,1776756160,1776756160,,mg/kg,overwritten to okay,,Delta-9-THC
319126,5499,2002,,0,!=,"""""",,,,orange,1,OK,0,,1776756160,1776756160,,mg/kg,overwritten to okay,,delta-9-THCA
319127,11268,2002,,0,!=,"""""",,,,orange,1,OK,0,,1776756160,1776756160,,mg/kg,overwritten to okay,,Cannabidiol
319128,11896,2002,,0,!=,"""""",,,,orange,1,OK,0,,1776756160,1776756160,,mg/kg,overwritten to okay,,"THC, SUM, HPLC-DAD, high content39537"
319129,11897,2002,,0,!=,"""""",,,,orange,1,OK,0,,1776756160,1776756160,,mg/kg,overwritten to okay,,"Cannabinoids, HPLC-DAD (high values)37499"
319130,11898,2002,,0,!=,"""""",,,,orange,1,OK,0,,1776756160,1776756160,,mg/kg,overwritten to okay,,"Cannabidiols. (CBDA), HPLC-DAD (h. Geh.)37498"
319131,11899,2002,,0,!=,"""""",,,,orange,1,OK,0,,1776756160,1776756160,,mg/kg,overwritten to okay,,"Cannabinol (CBN), HPLC-DAD (h. content)37500"
319132,5500,2002,,0,!=,"""""",,,,orange,1,OK,0,,1776756160,1776756160,,none,overwritten to okay,,Anisidine value
319133,5501,2002,,0,!=,"""""",,,,orange,1,OK,0,,1776756160,1776756160,,none,overwritten to okay,,Number of peroxides
319134,11677,2002,,0,!=,"""""",,,,orange,1,OK,0,,1776756160,1776756160,,none,overwritten to okay,,Totox number
319135,5344,2002,,0,!=,"""""",,,,orange,1,OK,0,,1776756160,1776756160,,µg/kg,overwritten to okay,,Aflatoxin B1
319136,5345,2002,,0,!=,"""""",,,,orange,1,OK,0,,1776756160,1776756160,,none,overwritten to okay,,Aflatoxin B2
319137,5346,2002,,0,!=,"""""",,,,orange,1,OK,0,,1776756160,1776756160,,none,overwritten to okay,,Aflatoxin G1
319138,5347,2002,,0,!=,"""""",,,,orange,1,OK,0,,1776756160,1776756160,,none,overwritten to okay,,Aflatoxin G2
319139,5348,2002,,0,!=,"""""",,,,orange,1,OK,0,,1776756160,1776756160,,none,overwritten to okay,,Aflatoxins
319140,12006,2002,,0,!=,"""""",,,,orange,1,OK,0,,1776756160,1776756160,,µg/kg,overwritten to okay,,Aflatoxins_total
319141,5558,2002,,0,!=,"""""",,,,orange,1,OK,0,,1776756160,1776756160,,µg/kg,overwritten to okay,,Ochratoxin A_6763
319142,5548,2002,,0,!=,"""""",,,,orange,1,OK,0,,1776756160,1776756160,,CFU,overwritten to okay,,Enterobacteriaceae
319143,5550,2002,,0,!=,"""""",,,,orange,1,OK,0,,1776756160,1776756160,,CFU,overwritten to okay,,"Staphylococci, coag. positive"
319144,5552,2002,,0,!=,"""""",,,,orange,1,OK,0,,1776756160,1776756160,,CFU,overwritten to okay,,Total yeasts / moulds
319145,5553,2002,,0,!=,"""""",,,,orange,1,OK,0,,1776756160,1776756160,,CFU,overwritten to okay,,Yeasts
319146,5554,2002,,0,!=,"""""",,,,orange,1,OK,0,,1776756160,1776756160,,CFU,overwritten to okay,,Molds
319147,11921,2002,,0,!=,"""""",,,,orange,1,OK,0,,1776756160,1776756160,,CFU,overwritten to okay,,"Total Plate Count, Fixed"
319148,5549,2002,,0,!=,"""""",,,,orange,1,OK,0,,1776756160,1776756160,,/g,overwritten to okay,,Gram-negative bacteria
319149,5551,2002,,0,!=,"""""",,,,orange,1,OK,0,,1776756160,1776756160,,/10 g,overwritten to okay,,"E. coli, after enrichment"
319150,5555,2002,,0,!=,"""""",,,,orange,1,OK,0,,1776756160,1776756160,,/25 g,overwritten to okay,,Salmonella*
319151,5357,2002,,0,!=,"""""",,,,orange,1,OK,0,,1776756160,1776756160,,none,overwritten to okay,,Benzo(a)anthracene
319152,5358,2002,,0,!=,"""""",,,,orange,1,OK,0,,1776756160,1776756160,,none,overwritten to okay,,Chrysene
319153,5359,2002,,0,!=,"""""",,,,orange,1,OK,0,,1776756160,1776756160,,none,overwritten to okay,,Benzo(b)fluoranthene
319154,11924,2002,,0,!=,"""""",,,,orange,1,OK,0,,1776756160,1776756160,,none,overwritten to okay,,"PAK, block with 4 pieces"
319155,5360,2002,,0,!=,"""""",,,,orange,1,OK,0,,1776756160,1776756160,,µg/kg,overwritten to okay,,Benzo(a)pyrene
319156,5361,2002,,0,!=,"""""",,,,orange,1,OK,0,,1776756160,1776756160,,µg/kg,overwritten to okay,,Sum of PAHs
319157,5379,2002,,0,!=,"""""",,,,orange,1,OK,0,,1776756160,1776756160,,mg/kg,overwritten to okay,,Perchlorate
319158,5380,2002,,0,!=,"""""",,,,orange,1,OK,0,,1776756160,1776756160,,mg/kg,overwritten to okay,,Chlorate
319159,5331,2002,,0,!=,"""""",,,,orange,1,OK,0,,1776756160,1776756160,,none,overwritten to okay,,MOSH/POSH (C10-16)
319160,5332,2002,,0,!=,"""""",,,,orange,1,OK,0,,1776756160,1776756160,,none,overwritten to okay,,MOSH/POSH (C17-20)
319161,5333,2002,,0,!=,"""""",,,,orange,1,OK,0,,1776756160,1776756160,,none,overwritten to okay,,MOSH/POSH (C21-25)
319162,5334,2002,,0,!=,"""""",,,,orange,1,OK,0,,1776756160,1776756160,,none,overwritten to okay,,MOSH/POSH (C26-35)
319163,5335,2002,,0,!=,"""""",,,,orange,1,OK,0,,1776756160,1776756160,,none,overwritten to okay,,MOSH/POSH (C36-40)
319164,5336,2002,,0,!=,"""""",,,,orange,1,OK,0,,1776756160,1776756160,,none,overwritten to okay,,MOSH/POSH (C41-50)
319165,5337,2002,,0,!=,"""""",,,,orange,1,OK,0,,1776756160,1776756160,,none,overwritten to okay,,MOSH/POSH (total) C10-50
319166,5338,2002,,0,!=,"""""",,,,orange,1,OK,0,,1776756160,1776756160,,mg/kg,overwritten to okay,,MOAH (C10-16)
319167,5339,2002,,0,!=,"""""",,,,orange,1,OK,0,,1776756160,1776756160,,mg/kg,overwritten to okay,,MOAH (C17-25)
319168,5340,2002,,0,!=,"""""",,,,orange,1,OK,0,,1776756160,1776756160,,mg/kg,overwritten to okay,,MOAH (C26-35)
319169,5341,2002,,0,!=,"""""",,,,orange,1,OK,0,,1776756160,1776756160,,mg/kg,overwritten to okay,,MOAH (C36-50)
319170,5342,2002,,0,!=,"""""",,,,orange,1,OK,0,,1776756160,1776756160,,mg/kg,overwritten to okay,,MOAH (total) C10-50
319171,11923,2002,,0,!=,"""""",,,,orange,1,OK,0,,1776756160,1776756160,,mg/kg,overwritten to okay,,Mineral oilKW (MOSH/POSH/MOA)
319172,12050,2002,,0,!=,"""""",,,,orange,1,OK,0,,1776756160,1776756160,,mg/kg,overwritten to okay,,"Benzalkonium chloride, sum"
319173,12051,2002,,0,!=,"""""",,,,orange,1,OK,0,,1776756160,1776756160,,mg/kg,overwritten to okay,,"Carbofuran, total"
319174,12052,2002,,0,!=,"""""",,,,orange,1,OK,0,,1776756160,1776756160,,mg/kg,overwritten to okay,,"DDT, total"
319175,12053,2002,,0,!=,"""""",,,,orange,1,OK,0,,1776756160,1776756160,,mg/kg,overwritten to okay,,"Didecyldimethylammonium chloride, sum"
319176,12054,2002,,0,!=,"""""",,,,orange,1,OK,0,,1776756160,1776756160,,mg/kg,overwritten to okay,,"Quintocen/pentachloraniline, total"
319177,11394,2002,,0,!=,"""""",,,,orange,1,OK,0,,1776756160,1776756160,,mg/kg,overwritten to okay,,Oxymatrine
319178,11214,2002,,0,!=,"""""",,,,orange,1,OK,0,,1776756160,1776756160,,none,overwritten to okay,,"1,2,3,4,6,7,8-HeptaCDD"
319179,11215,2002,,0,!=,"""""",,,,orange,1,OK,0,,1776756160,1776756160,,none,overwritten to okay,,"1,2,3,4,6,7,8-HeptaCDF"
319180,11216,2002,,0,!=,"""""",,,,orange,1,OK,0,,1776756160,1776756160,,none,overwritten to okay,,"1,2,3,4,7,8,9-HeptaCDF"
319181,11217,2002,,0,!=,"""""",,,,orange,1,OK,0,,1776756160,1776756160,,none,overwritten to okay,,"1,2,3,4,7,8-HexaCDD"
319182,11218,2002,,0,!=,"""""",,,,orange,1,OK,0,,1776756160,1776756160,,none,overwritten to okay,,"1,2,3,4,7,8-HexaCDF"
319183,11219,2002,,0,!=,"""""",,,,orange,1,OK,0,,1776756160,1776756160,,none,overwritten to okay,,"1,2,3,6,7,8-HexaCDD"
319184,11220,2002,,0,!=,"""""",,,,orange,1,OK,0,,1776756160,1776756160,,none,overwritten to okay,,"1,2,3,6,7,8-HexaCDF"
319185,11221,2002,,0,!=,"""""",,,,orange,1,OK,0,,1776756160,1776756160,,none,overwritten to okay,,"1,2,3,7,8,9-HexaCDD"
319186,11222,2002,,0,!=,"""""",,,,orange,1,OK,0,,1776756160,1776756160,,none,overwritten to okay,,"1,2,3,7,8,9-HexaCDF"
319187,11223,2002,,0,!=,"""""",,,,orange,1,OK,0,,1776756160,1776756160,,none,overwritten to okay,,"1,2,3,7,8-PentaCDD"
319188,11224,2002,,0,!=,"""""",,,,orange,1,OK,0,,1776756160,1776756160,,none,overwritten to okay,,"1,2,3,7,8-PentaCDF"
319189,11226,2002,,0,!=,"""""",,,,orange,1,OK,0,,1776756160,1776756160,,none,overwritten to okay,,"2,3,4,6,7,8-HexaCDF"
319190,11227,2002,,0,!=,"""""",,,,orange,1,OK,0,,1776756160,1776756160,,none,overwritten to okay,,"2,3,4,7,8-PentaCDF"
319191,11228,2002,,0,!=,"""""",,,,orange,1,OK,0,,1776756160,1776756160,,none,overwritten to okay,,"2,3,7,8-TetraCDD"
319192,11229,2002,,0,!=,"""""",,,,orange,1,OK,0,,1776756160,1776756160,,none,overwritten to okay,,"2,3,7,8-TetraCDF"
319193,11390,2002,,0,!=,"""""",,,,orange,1,OK,0,,1776756160,1776756160,,none,overwritten to okay,,OctaCDD
319194,11391,2002,,0,!=,"""""",,,,orange,1,OK,0,,1776756160,1776756160,,none,overwritten to okay,,OctaCDF
319195,11395,2002,,0,!=,"""""",,,,orange,1,OK,0,,1776756160,1776756160,,none,overwritten to okay,,PCB 105
319196,11396,2002,,0,!=,"""""",,,,orange,1,OK,0,,1776756160,1776756160,,none,overwritten to okay,,PCB 114
319197,11397,2002,,0,!=,"""""",,,,orange,1,OK,0,,1776756160,1776756160,,none,overwritten to okay,,PCB 118
319198,11398,2002,,0,!=,"""""",,,,orange,1,OK,0,,1776756160,1776756160,,none,overwritten to okay,,PCB 123
319199,11399,2002,,0,!=,"""""",,,,orange,1,OK,0,,1776756160,1776756160,,none,overwritten to okay,,PCB 126
319200,11400,2002,,0,!=,"""""",,,,orange,1,OK,0,,1776756160,1776756160,,none,overwritten to okay,,PCB 156
319201,11401,2002,,0,!=,"""""",,,,orange,1,OK,0,,1776756160,1776756160,,none,overwritten to okay,,PCB 157
319202,11402,2002,,0,!=,"""""",,,,orange,1,OK,0,,1776756160,1776756160,,none,overwritten to okay,,PCB 167
319203,11403,2002,,0,!=,"""""",,,,orange,1,OK,0,,1776756160,1776756160,,none,overwritten to okay,,PCB 169
319204,11404,2002,,0,!=,"""""",,,,orange,1,OK,0,,1776756160,1776756160,,none,overwritten to okay,,PCB 189
319205,11405,2002,,0,!=,"""""",,,,orange,1,OK,0,,1776756160,1776756160,,none,overwritten to okay,,PCB 77
319206,11406,2002,,0,!=,"""""",,,,orange,1,OK,0,,1776756160,1776756160,,none,overwritten to okay,,PCB 81
319207,11450,2002,,0,!=,"""""",,,,orange,1,OK,0,,1776756160,1776756160,,none,overwritten to okay,,Total dioxins (WHO PCDD/F-TEQ) without LOQ (lowerbound)
319208,11451,2002,,0,!=,"""""",,,,orange,1,OK,0,,1776756160,1776756160,,none,overwritten to okay,,Total dioxins (WHO PCDD/F-TEQ) incl. LOQ 100 % (upper limit)
319209,11452,2002,,0,!=,"""""",,,,orange,1,OK,0,,1776756160,1776756160,,none,overwritten to okay,,Total dioxins (WHO PCDD/F-TEQ) incl. LOQ 50 % (medium bound)
319210,11453,2002,,0,!=,"""""",,,,orange,1,OK,0,,1776756160,1776756160,,none,overwritten to okay,,Total dioxins + dl-PCB (WHO-TEQ) incl. LOQ 100 % (upper limit)
319211,11454,2002,,0,!=,"""""",,,,orange,1,OK,0,,1776756160,1776756160,,none,overwritten to okay,,Total dl-PCB (WHO-PCB-TEQ) without LOQ (lower limit)
319212,11455,2002,,0,!=,"""""",,,,orange,1,OK,0,,1776756160,1776756160,,none,overwritten to okay,,Total dl-PCB (WHO-PCB-TEQ) incl. LOQ 100 % (upper limit)
319213,11456,2002,,0,!=,"""""",,,,orange,1,OK,0,,1776756160,1776756160,,none,overwritten to okay,,Total dl-PCB (WHO-PCB-TEQ) incl. LOQ 50 % (medium bound)
319214,11988,2002,,0,!=,"""""",,,,orange,1,OK,0,,1776756160,1776756160,,none,overwritten to okay,,Dioxins in food
319215,12047,2002,,0,!=,"""""",,,,orange,1,OK,0,,1776756160,1776756160,,none,overwritten to okay,,Fosetyl-Al
319216,11989,2002,,0,!=,"""""",,,,orange,1,OK,0,,1776756160,1776756160,,pg/g,overwritten to okay,,"Dioxin+dl PCB, NEM, LQM_Archived"
319217,5375,2002,,0,!=,"""""",,,,orange,1,OK,0,,1776756160,1776756160,,µg/L,overwritten to okay,,Glyphosate / AMPA
319218,11359,2002,,0,!=,"""""",,,,orange,1,OK,0,,1776756160,1776756160,,none,overwritten to okay,,Lactic acid bacteria_33004
319219,5376,2002,,0,!=,"""""",,,,orange,1,OK,0,,1776756160,1776756160,,mg/kg,overwritten to okay,,Glyphosate
319220,5377,2002,,0,!=,"""""",,,,orange,1,OK,0,,1776756160,1776756160,,mg/kg,overwritten to okay,,AMPA
319221,11977,2002,,0,!=,"""""",,,,orange,1,OK,0,,1776756160,1776756160,,CFU/g,overwritten to okay,,Bacillus c./ plate verf.
319222,11978,2002,,0,!=,"""""",,,,orange,1,OK,0,,1776756160,1776756160,,CFU/g,overwritten to okay,,"Coliforms, plate process"
319223,11979,2002,,0,!=,"""""",,,,orange,1,OK,0,,1776756160,1776756160,,CFU/g,overwritten to okay,,Clostridium perfringens
319224,11980,2002,,0,!=,"""""",,,,orange,1,OK,0,,1776756160,1776756160,,none,overwritten to okay,,"Listeria monocytogenes, 25 g"
319225,11997,2002,,0,!=,"""""",,,,orange,1,OK,0,,1776756160,1776756160,,mg/kg,overwritten to okay,,"Glufosinate, direct"
319226,11998,2002,,0,!=,"""""",,,,orange,1,OK,0,,1776756160,1776756160,,mg/kg,overwritten to okay,,"Glufosinate Metab MPPA, direct"
319227,11999,2002,,0,!=,"""""",,,,orange,1,OK,0,,1776756160,1776756160,,mg/kg,overwritten to okay,,"Glufosinate Metab N-Acetyl-Glufos, direct"
319228,12000,2002,,0,!=,"""""",,,,orange,1,OK,0,,1776756160,1776756160,,mg/kg,overwritten to okay,,"Glufosinate (including MPPA and NAG), direct"
319229,12001,2002,,0,!=,"""""",,,,orange,1,OK,0,,1776756160,1776756160,,mg/kg,overwritten to okay,,"Glufosinate, total, direct"
319230,12046,2002,,0,!=,"""""",,,,orange,1,OK,0,,1776756160,1776756160,,ng/g fat,overwritten to okay,,"Total PCBs, non-dioxin-like"
319231,12040,2002,,0,!=,"""""",,,,orange,1,OK,0,,1776756160,1776756160,,none,overwritten to okay,,"PCB 28, solid"
319232,12041,2002,,0,!=,"""""",,,,orange,1,OK,0,,1776756160,1776756160,,none,overwritten to okay,,"PCB 52, solid"
319233,12042,2002,,0,!=,"""""",,,,orange,1,OK,0,,1776756160,1776756160,,none,overwritten to okay,,"PCB 101, solid"
319234,12043,2002,,0,!=,"""""",,,,orange,1,OK,0,,1776756160,1776756160,,none,overwritten to okay,,"PCB 138, solid"
319235,12044,2002,,0,!=,"""""",,,,orange,1,OK,0,,1776756160,1776756160,,none,overwritten to okay,,"PCB 153, solid"
319236,12045,2002,,0,!=,"""""",,,,orange,1,OK,0,,1776756160,1776756160,,none,overwritten to okay,,"PCB 180, solid"
319237,11212,2002,,0,!=,"""""",,,,orange,1,OK,0,,1776756160,1776756160,,µg/kg,overwritten to okay,,Acrylamide_17513
319238,5503,2002,,0,!=,"""""",,,,orange,1,OK,0,,1776756160,1776756160,,µg/kg,overwritten to okay,,Atropine
319239,5504,2002,,0,!=,"""""",,,,orange,1,OK,0,,1776756160,1776756160,,µg/kg,overwritten to okay,,Scopolamine
319240,5505,2002,,0,!=,"""""",,,,orange,1,OK,0,,1776756160,1776756160,,µg/kg,overwritten to okay,,Sum of tropane alkaloids
319241,11928,2002,,0,!=,"""""",,,,orange,1,OK,0,,1776756160,1776756160,,none,overwritten to okay,,Tropane alkaloids (TA)
319242,11230,2002,,0,!=,"""""",,,,orange,1,OK,0,,1776756160,1776756160,,mg/kg,overwritten to okay,,"2,4,5-T, total"
319243,11231,2002,,0,!=,"""""",,,,orange,1,OK,0,,1776756160,1776756160,,mg/kg,overwritten to okay,,"2,4-D, total"
319244,11232,2002,,0,!=,"""""",,,,orange,1,OK,0,,1776756160,1776756160,,mg/kg,overwritten to okay,,"2.4-DB, total"
319245,11244,2002,,0,!=,"""""",,,,orange,1,OK,0,,1776756160,1776756160,,mg/kg,overwritten to okay,,"Aminopyralid, total"
319246,11256,2002,,0,!=,"""""",,,,orange,1,OK,0,,1776756160,1776756160,,mg/kg,overwritten to okay,,"Bentazon, total"
319247,11300,2002,,0,!=,"""""",,,,orange,1,OK,0,,1776756160,1776756160,,mg/kg,overwritten to okay,,"Dichlorprop, total"
319248,11301,2002,,0,!=,"""""",,,,orange,1,OK,0,,1776756160,1776756160,,mg/kg,overwritten to okay,,"Diclofop, total"
319249,11324,2002,,0,!=,"""""",,,,orange,1,OK,0,,1776756160,1776756160,,mg/kg,overwritten to okay,,"Fluazifop-P, total"
319250,11325,2002,,0,!=,"""""",,,,orange,1,OK,0,,1776756160,1776756160,,mg/kg,overwritten to okay,,"Fluroxypyr, total"
319251,11341,2002,,0,!=,"""""",,,,orange,1,OK,0,,1776756160,1776756160,,mg/kg,overwritten to okay,,"Haloxyfop, total"
319252,11365,2002,,0,!=,"""""",,,,orange,1,OK,0,,1776756160,1776756160,,mg/kg,overwritten to okay,,"MCPA, total"
319253,11366,2002,,0,!=,"""""",,,,orange,1,OK,0,,1776756160,1776756160,,mg/kg,overwritten to okay,,"MCPA/MCPB, total"
319254,11367,2002,,0,!=,"""""",,,,orange,1,OK,0,,1776756160,1776756160,,mg/kg,overwritten to okay,,"MCPB, total"
319255,11413,2002,,0,!=,"""""",,,,orange,1,OK,0,,1776756160,1776756160,,mg/kg,overwritten to okay,,Picloram
319256,11431,2002,,0,!=,"""""",,,,orange,1,OK,0,,1776756160,1776756160,,mg/kg,overwritten to okay,,"Quizalofop, total"
319257,12082,2002,,0,!=,"""""",,,,orange,1,OK,0,,1776756160,1776756160,,mg/kg,overwritten to okay,,Acibenzolar-S-methyl_calculated_SA
319258,12083,2002,,0,!=,"""""",,,,orange,1,OK,0,,1776756160,1776756160,,mg/kg,overwritten to okay,,"Pyraflufen-ethyl, calculated_SA"
319259,11693,2002,,0,!=,"""""",,,,orange,1,OK,0,,1776756160,1776756160,,mg/kg,overwritten to okay,,"Lambda-cyhalothrin, total"
319260,11694,2002,,0,!=,"""""",,,,orange,1,OK,0,,1776756160,1776756160,,mg/kg,overwritten to okay,,"Cypermethrin, total"
319261,11746,2002,,0,!=,"""""",,,,orange,1,OK,0,,1776756160,1776756160,,mg/kg,overwritten to okay,,"Metconazole, total"
319262,12318,2002,,0,!=,"""""",,,,orange,1,OK,0,,1776756160,1776756160,,meq O2/kg Fett,overwritten to okay,,Peroxide Value_39168
319263,11695,2002,,0,!=,"""""",,,,orange,1,OK,0,,1776756160,1776756160,,mg/kg,overwritten to okay,,"Folpet, Phthalamide Total"