spec_id,show,column,inverse,DDF_unit,parametertype_id,DDF_target_value,param_name,DDF_type,color,operator,value,linker,operator2,value2,regex_filter,text,translations
,1,0,0,,5364,,Phthalimide/THPI,perfect ,green,!=,"""""",,,,,,
,1,0,0,,5369,,"Pesticides GC-MS/MS, QuEChERS",perfect,green,=,not detectable,OR,=,nicht nachw.,,,
,1,0,0,,5369,,"Pesticides GC-MS/MS, QuEChERS",not OK,red,>,0,,,,,,
,1,0,0,,5370,,"Pesticides LC-MS/MS, QuEChERS",perfect,green,=,not detectable,OR,=,nicht nachw.,,,
,1,0,0,,5370,,"Pesticides LC-MS/MS, QuEChERS",not OK,red,>,0,,,,,,
,1,0,0,,10499,,"1,4-Dimethylnaphthalene",perfect ,green,!=,"""""",,,,,,
,1,0,0,,10501,,"2,3,4,5-Tetrachloroanisole",perfect ,green,!=,"""""",,,,,,
,1,0,0,,10502,,"2,3,5,6-Tetrachloroaniline",perfect ,green,!=,"""""",,,,,,
,1,0,0,,10503,,Benalaxyl,perfect ,green,!=,"""""",,,,,,
,1,0,0,,10504,,"2,4,6-Trichloroanisole",perfect ,green,!=,"""""",,,,,,
,1,0,0,,10505,,Bendiocarb,perfect ,green,!=,"""""",,,,,,
,1,0,0,,10506,,4-Bromophenylurea,perfect ,green,!=,"""""",,,,,,
,1,0,0,,10507,,Benfluralin,perfect ,green,!=,"""""",,,,,,
,1,0,0,,10508,,Abamectin,perfect ,green,!=,"""""",,,,,,
,1,0,0,,10509,,Benfuracarb,perfect ,green,!=,"""""",,,,,,
,1,0,0,,10510,,Acephate,perfect ,green,!=,"""""",,,,,,
,1,0,0,,10511,,Benodanil,perfect ,green,!=,"""""",,,,,,
,1,0,0,,10512,,Acetamiprid,perfect ,green,!=,"""""",,,,,,
,1,0,0,,10513,,Benomyl,perfect ,green,!=,"""""",,,,,,
,1,0,0,,10514,,Acetochlor,perfect ,green,!=,"""""",,,,,,
,1,0,0,,10515,,Benoxacor,perfect ,green,!=,"""""",,,,,,
,1,0,0,,10516,,Acibenzolar-S-Methyl,perfect ,green,!=,"""""",,,,,,
,1,0,0,,10517,,Bensulfuron-methyl,perfect ,green,!=,"""""",,,,,,
,1,0,0,,10518,,Aclonifen,perfect ,green,!=,"""""",,,,,,
,1,0,0,,10519,,Benthiavalicarb isopropyl,perfect ,green,!=,"""""",,,,,,
,1,0,0,,10520,,Acrinathrin,perfect ,green,!=,"""""",,,,,,
,1,0,0,,10521,,Benzalkonium chloride - C10,perfect ,green,!=,"""""",,,,,,
,1,0,0,,10522,,Alachlor,perfect ,green,!=,"""""",,,,,,
,1,0,0,,10523,,Aldicarb,perfect ,green,!=,"""""",,,,,,
,1,0,0,,10524,,Benzalkonium chloride - C12,perfect ,green,!=,"""""",,,,,,
,1,0,0,,10525,,Aldicarb sulfone,perfect ,green,!=,"""""",,,,,,
,1,0,0,,10526,,Benzalkonium chloride - C14,perfect ,green,!=,"""""",,,,,,
,1,0,0,,10527,,Aldicarb sulfoxide,perfect ,green,!=,"""""",,,,,,
,1,0,0,,10528,,Aldrin,perfect ,green,!=,"""""",,,,,,
,1,0,0,,10529,,Benzalkonium chloride - C16,perfect ,green,!=,"""""",,,,,,
,1,0,0,,10530,,Allethrin,perfect ,green,!=,"""""",,,,,,
,1,0,0,,10531,,Ametoctradine,perfect ,green,!=,"""""",,,,,,
,1,0,0,,10532,,Benzalkonium chloride - C18,perfect ,green,!=,"""""",,,,,,
,1,0,0,,10533,,Ametryn,perfect ,green,!=,"""""",,,,,,
,1,0,0,,10534,,Amidithione,perfect ,green,!=,"""""",,,,,,
,1,0,0,,10535,,Benzalkonium chloride - C8,perfect ,green,!=,"""""",,,,,,
,1,0,0,,10536,,Amidosulfuron,perfect ,green,!=,"""""",,,,,,
,1,0,0,,10537,,Aminocarb,perfect ,green,!=,"""""",,,,,,
,1,0,0,,10538,,Benzovindiflupyr,perfect ,green,!=,"""""",,,,,,
,1,0,0,,10539,,Amisul bromine,perfect ,green,!=,"""""",,,,,,
,1,0,0,,10542,,Anilofos,perfect ,green,!=,"""""",,,,,,
,1,0,0,,10543,,Bifenazat,perfect ,green,!=,"""""",,,,,,
,1,0,0,,10544,,Anthraquinone,perfect ,green,!=,"""""",,,,,,
,1,0,0,,10545,,Bifenox,perfect ,green,!=,"""""",,,,,,
,1,0,0,,10546,,Atrazine,perfect ,green,!=,"""""",,,,,,
,1,0,0,,10548,,Azaconazole,perfect ,green,!=,"""""",,,,,,
,1,0,0,,10549,,Biphenyl,perfect ,green,!=,"""""",,,,,,
,1,0,0,,10550,,Azadirachtin,perfect ,green,!=,"""""",,,,,,
,1,0,0,,10551,,Azamethiphos,perfect ,green,!=,"""""",,,,,,
,1,0,0,,10552,,Bitertanol,perfect ,green,!=,"""""",,,,,,
,1,0,0,,10553,,Azinphos-ethyl,perfect ,green,!=,"""""",,,,,,
,1,0,0,,10554,,Bixafen,perfect ,green,!=,"""""",,,,,,
,1,0,0,,10555,,Azinphos-methyl,perfect ,green,!=,"""""",,,,,,
,1,0,0,,10556,,Boscalid,perfect ,green,!=,"""""",,,,,,
,1,0,0,,10557,,Azoxystrobin,perfect ,green,!=,"""""",,,,,,
,1,0,0,,10559,,Bromacil,perfect ,green,!=,"""""",,,,,,
,1,0,0,,10560,,Bromadiolone,perfect ,green,!=,"""""",,,,,,
,1,0,0,,10564,,Bromfenvinphos,perfect ,green,!=,"""""",,,,,,
,1,0,0,,10565,,Bromine cycles,perfect ,green,!=,"""""",,,,,,
,1,0,0,,10566,,Chlorobenzuron,perfect ,green,!=,"""""",,,,,,
,1,0,0,,10567,,Bromophos-ethyl,perfect ,green,!=,"""""",,,,,,
,1,0,0,,10568,,Chlorobromuron,perfect ,green,!=,"""""",,,,,,
,1,0,0,,10569,,Bromophos-methyl,perfect ,green,!=,"""""",,,,,,
,1,0,0,,10570,,Chlorobufam,perfect ,green,!=,"""""",,,,,,
,1,0,0,,10571,,"Chlordane, Cis-",perfect ,green,!=,"""""",,,,,,
,1,0,0,,10572,,Bromoxynil,perfect ,green,!=,"""""",,,,,,
,1,0,0,,10573,,"Chlordane, oxy-",perfect ,green,!=,"""""",,,,,,
,1,0,0,,10574,,Bromopropylate,perfect ,green,!=,"""""",,,,,,
,1,0,0,,10575,,"Chlordan, Trans",perfect ,green,!=,"""""",,,,,,
,1,0,0,,10576,,Bromuconazole,perfect ,green,!=,"""""",,,,,,
,1,0,0,,10577,,Bupirimat,perfect ,green,!=,"""""",,,,,,
,1,0,0,,10578,,Chlorodimeform,perfect ,green,!=,"""""",,,,,,
,1,0,0,,10579,,Buprofezin,perfect ,green,!=,"""""",,,,,,
,1,0,0,,10580,,Chlorfenapyr,perfect ,green,!=,"""""",,,,,,
,1,0,0,,10581,,Butachlor,perfect ,green,!=,"""""",,,,,,
,1,0,0,,10582,,Chlorfenprop-methyl,perfect ,green,!=,"""""",,,,,,
,1,0,0,,10583,,Butafenacil,perfect ,green,!=,"""""",,,,,,
,1,0,0,,10584,,Chlorfenson,perfect ,green,!=,"""""",,,,,,
,1,0,0,,10585,,Butamifos,perfect ,green,!=,"""""",,,,,,
,1,0,0,,10586,,Butocarboxim,perfect ,green,!=,"""""",,,,,,
,1,0,0,,10587,,Chlorfenvinphos,perfect ,green,!=,"""""",,,,,,
,1,0,0,,10588,,Butoxycarboxim,perfect ,green,!=,"""""",,,,,,
,1,0,0,,10589,,Chlorfluazuron,perfect ,green,!=,"""""",,,,,,
,1,0,0,,10590,,Chloridazon,perfect ,green,!=,"""""",,,,,,
,1,0,0,,10591,,Butralin,perfect ,green,!=,"""""",,,,,,
,1,0,0,,10592,,Buturon,perfect ,green,!=,"""""",,,,,,
,1,0,0,,10593,,"Chloridazon, desphenyl-",perfect ,green,!=,"""""",,,,,,
,1,0,0,,10594,,Butylate,perfect ,green,!=,"""""",,,,,,
,1,0,0,,10595,,Chlormephos,perfect ,green,!=,"""""",,,,,,
,1,0,0,,10596,,Cadusafos,perfect ,green,!=,"""""",,,,,,
,1,0,0,,10597,,Chloroneb,perfect ,green,!=,"""""",,,,,,
,1,0,0,,10598,,Chlorpropham,perfect ,green,!=,"""""",,,,,,
,1,0,0,,10599,,Captafol,perfect ,green,!=,"""""",,,,,,
,1,0,0,,10601,,Captan,perfect ,green,!=,"""""",,,,,,
,1,0,0,,10602,,Chlorpyrifos-ethyl,perfect ,green,!=,"""""",,,,,,
,1,0,0,,10603,,Carbaryl,perfect ,green,!=,"""""",,,,,,
,1,0,0,,10604,,Chlorpyrifos-methyl,perfect ,green,!=,"""""",,,,,,
,1,0,0,,10605,,Carbendazim,perfect ,green,!=,"""""",,,,,,
,1,0,0,,10606,,Chlorosulfuron,perfect ,green,!=,"""""",,,,,,
,1,0,0,,10607,,Carbofuran,perfect ,green,!=,"""""",,,,,,
,1,0,0,,10608,,Chlorothalodimethyl,perfect ,green,!=,"""""",,,,,,
,1,0,0,,10609,,"Carbofuran, 3-hydroxy-",perfect ,green,!=,"""""",,,,,,
,1,0,0,,10610,,Chlorothalonil,perfect ,green,!=,"""""",,,,,,
,1,0,0,,10611,,Carbophenothione ethyl,perfect ,green,!=,"""""",,,,,,
,1,0,0,,10613,,Chloride ion,perfect ,green,!=,"""""",,,,,,
,1,0,0,,10614,,Carbophenothion-methyl,perfect ,green,!=,"""""",,,,,,
,1,0,0,,10615,,Chlorothiophos,perfect ,green,!=,"""""",,,,,,
,1,0,0,,10616,,Carbosulfan,perfect ,green,!=,"""""",,,,,,
,1,0,0,,10617,,Chlorotoluron,perfect ,green,!=,"""""",,,,,,
,1,0,0,,10618,,Carboxin,perfect ,green,!=,"""""",,,,,,
,1,0,0,,10619,,Chlozolinate,perfect ,green,!=,"""""",,,,,,
,1,0,0,,10620,,Carboxyl sulfoxide,perfect ,green,!=,"""""",,,,,,
,1,0,0,,10621,,Chromafenocide,perfect ,green,!=,"""""",,,,,,
,1,0,0,,10622,,Chlorantraniliprole,perfect ,green,!=,"""""",,,,,,
,1,0,0,,10623,,Cinosulfuron,perfect ,green,!=,"""""",,,,,,
,1,0,0,,10624,,Clethodim,perfect ,green,!=,"""""",,,,,,
,1,0,0,,10625,,Chlorobenzide,perfect ,green,!=,"""""",,,,,,
,1,0,0,,10626,,Clethodim sulfone,perfect ,green,!=,"""""",,,,,,
,1,0,0,,10627,,Chlorobenzilate,perfect ,green,!=,"""""",,,,,,
,1,0,0,,10632,,Clethodim sulfoxide,perfect ,green,!=,"""""",,,,,,
,1,0,0,,10633,,Climbazole,perfect ,green,!=,"""""",,,,,,
,1,0,0,,10634,,Desmedipham,perfect ,green,!=,"""""",,,,,,
,1,0,0,,10635,,Clofentezine,perfect ,green,!=,"""""",,,,,,
,1,0,0,,10636,,Clomazone,perfect ,green,!=,"""""",,,,,,
,1,0,0,,10637,,Desmetryn,perfect ,green,!=,"""""",,,,,,
,1,0,0,,10638,,Cloquintocet-Mexyl,perfect ,green,!=,"""""",,,,,,
,1,0,0,,10641,,Dialifos,perfect ,green,!=,"""""",,,,,,
,1,0,0,,10642,,Coumaphos,perfect ,green,!=,"""""",,,,,,
,1,0,0,,10643,,Dial,perfect ,green,!=,"""""",,,,,,
,1,0,0,,10644,,Criminologist,perfect ,green,!=,"""""",,,,,,
,1,0,0,,10645,,Crotoxyphos,perfect ,green,!=,"""""",,,,,,
,1,0,0,,10646,,Diazinon,perfect ,green,!=,"""""",,,,,,
,1,0,0,,10647,,Crufomat,perfect ,green,!=,"""""",,,,,,
,1,0,0,,10648,,Dicaphthon,perfect ,green,!=,"""""",,,,,,
,1,0,0,,10649,,Cyanazine,perfect ,green,!=,"""""",,,,,,
,1,0,0,,10650,,Cyanofenphos,perfect ,green,!=,"""""",,,,,,
,1,0,0,,10651,,Dichlobenil,perfect ,green,!=,"""""",,,,,,
,1,0,0,,10652,,Cyanophos,perfect ,green,!=,"""""",,,,,,
,1,0,0,,10653,,Dichlofenthion,perfect ,green,!=,"""""",,,,,,
,1,0,0,,10654,,Cyantraniliprole,perfect ,green,!=,"""""",,,,,,
,1,0,0,,10655,,Dichlofluanid,perfect ,green,!=,"""""",,,,,,
,1,0,0,,10656,,Cyazofamide,perfect ,green,!=,"""""",,,,,,
,1,0,0,,10657,,Dichlorobenzamide,perfect ,green,!=,"""""",,,,,,
,1,0,0,,10658,,Cyclaniliprole,perfect ,green,!=,"""""",,,,,,
,1,0,0,,10659,,Dichlorvos,perfect ,green,!=,"""""",,,,,,
,1,0,0,,10660,,Cycloate,perfect ,green,!=,"""""",,,,,,
,1,0,0,,10661,,Cyenopygraphs,perfect ,green,!=,"""""",,,,,,
,1,0,0,,10662,,Diclobutrazol,perfect ,green,!=,"""""",,,,,,
,1,0,0,,10663,,Cyflufenamide,perfect ,green,!=,"""""",,,,,,
,1,0,0,,10664,,Diclofop-methyl,perfect ,green,!=,"""""",,,,,,
,1,0,0,,10665,,Cyflumetofen,perfect ,green,!=,"""""",,,,,,
,1,0,0,,10666,,Dicloran,perfect ,green,!=,"""""",,,,,,
,1,0,0,,10667,,Cyfluthrin,perfect ,green,!=,"""""",,,,,,
,1,0,0,,10668,,Dicofol,perfect ,green,!=,"""""",,,,,,
,1,0,0,,10669,,Cymoxanil,perfect ,green,!=,"""""",,,,,,
,1,0,0,,10670,,Cypermethrin,perfect ,green,!=,"""""",,,,,,
,1,0,0,,10671,,Dicrotophos,perfect ,green,!=,"""""",,,,,,
,1,0,0,,10672,,Cyphenothrin,perfect ,green,!=,"""""",,,,,,
,1,0,0,,10673,,Didecyldimethylammonium chloride - C10,perfect ,green,!=,"""""",,,,,,
,1,0,0,,10674,,Cyproconazole,perfect ,green,!=,"""""",,,,,,
,1,0,0,,10675,,Didecyldimethylammonium chloride - C12,perfect ,green,!=,"""""",,,,,,
,1,0,0,,10676,,Cyprodinil,perfect ,green,!=,"""""",,,,,,
,1,0,0,,10677,,Cyprosulfamide,perfect ,green,!=,"""""",,,,,,
,1,0,0,,10678,,Didecyldimethylammonium chloride - C8,perfect ,green,!=,"""""",,,,,,
,1,0,0,,10679,,Cyromazine,perfect ,green,!=,"""""",,,,,,
,1,0,0,,10680,,"DDD-o,p",perfect ,green,!=,"""""",,,,,,
,1,0,0,,10681,,Dieldrin,perfect ,green,!=,"""""",,,,,,
,1,0,0,,10682,,"DDD-p,p",perfect ,green,!=,"""""",,,,,,
,1,0,0,,10683,,Diethofencarb,perfect ,green,!=,"""""",,,,,,
,1,0,0,,10684,,"DDE-o,p",perfect ,green,!=,"""""",,,,,,
,1,0,0,,10685,,Diethyltoluamide,perfect ,green,!=,"""""",,,,,,
,1,0,0,,10686,,"DDE-p,p",perfect ,green,!=,"""""",,,,,,
,1,0,0,,10687,,"DDT-o,p",perfect ,green,!=,"""""",,,,,,
,1,0,0,,10688,,Difenacoum,perfect ,green,!=,"""""",,,,,,
,1,0,0,,10690,,Difenoconazole,perfect ,green,!=,"""""",,,,,,
,1,0,0,,10691,,Deltamethrin,perfect ,green,!=,"""""",,,,,,
,1,0,0,,10692,,Difenoxuron,perfect ,green,!=,"""""",,,,,,
,1,0,0,,10693,,Demeton-S-Methyl,perfect ,green,!=,"""""",,,,,,
,1,0,0,,10694,,Diflovidazine,perfect ,green,!=,"""""",,,,,,
,1,0,0,,10695,,Demeton-S-methylsulfone,perfect ,green,!=,"""""",,,,,,
,1,0,0,,10699,,Diflubenzuron,perfect ,green,!=,"""""",,,,,,
,1,0,0,,10700,,Diflufenican,perfect ,green,!=,"""""",,,,,,
,1,0,0,,10701,,Endosulfan sulphate,perfect ,green,!=,"""""",,,,,,
,1,0,0,,10702,,Dimefox,perfect ,green,!=,"""""",,,,,,
,1,0,0,,10703,,Endrin,perfect ,green,!=,"""""",,,,,,
,1,0,0,,10704,,Dimefuron,perfect ,green,!=,"""""",,,,,,
,1,0,0,,10705,,"Endrin, Keto",perfect ,green,!=,"""""",,,,,,
,1,0,0,,10706,,Dimethenamide,perfect ,green,!=,"""""",,,,,,
,1,0,0,,10707,,Epoxiconazole,perfect ,green,!=,"""""",,,,,,
,1,0,0,,10708,,Dimethoate,perfect ,green,!=,"""""",,,,,,
,1,0,0,,10709,,Etaconazole,perfect ,green,!=,"""""",,,,,,
,1,0,0,,10710,,Dimethomorphs,perfect ,green,!=,"""""",,,,,,
,1,0,0,,10711,,Ethalfluralin,perfect ,green,!=,"""""",,,,,,
,1,0,0,,10712,,Dimethylaminosulfotoluidide,perfect ,green,!=,"""""",,,,,,
,1,0,0,,10713,,Ethiofencarb,perfect ,green,!=,"""""",,,,,,
,1,0,0,,10714,,Ethion,perfect ,green,!=,"""""",,,,,,
,1,0,0,,10715,,"Dimethylphenylformamide, 2,4",perfect ,green,!=,"""""",,,,,,
,1,0,0,,10716,,Ethiprol,perfect ,green,!=,"""""",,,,,,
,1,0,0,,10717,,Ethirimol,perfect ,green,!=,"""""",,,,,,
,1,0,0,,10718,,"Dimethylphenylmethylformamidine, 2,4",perfect ,green,!=,"""""",,,,,,
,1,0,0,,10719,,Ethofumesate,perfect ,green,!=,"""""",,,,,,
,1,0,0,,10720,,"Ethofumesate, 2-keto/open ring 2-keto",perfect ,green,!=,"""""",,,,,,
,1,0,0,,10721,,Dimethylvinphos,perfect ,green,!=,"""""",,,,,,
,1,0,0,,10722,,Ethoprophos,perfect ,green,!=,"""""",,,,,,
,1,0,0,,10723,,Dimetilan,perfect ,green,!=,"""""",,,,,,
,1,0,0,,10724,,Ethoxyquin,perfect ,green,!=,"""""",,,,,,
,1,0,0,,10725,,Dimoxystrobin,perfect ,green,!=,"""""",,,,,,
,1,0,0,,10726,,Ethoxyquin dimer,perfect ,green,!=,"""""",,,,,,
,1,0,0,,10727,,Diniconazole,perfect ,green,!=,"""""",,,,,,
,1,0,0,,10728,,Etofenprox,perfect ,green,!=,"""""",,,,,,
,1,0,0,,10729,,Dinitramine,perfect ,green,!=,"""""",,,,,,
,1,0,0,,10730,,Etoxazole,perfect ,green,!=,"""""",,,,,,
,1,0,0,,10731,,Dinocap,perfect ,green,!=,"""""",,,,,,
,1,0,0,,10732,,Etridiazole,perfect ,green,!=,"""""",,,,,,
,1,0,0,,10733,,Dinotefuran,perfect ,green,!=,"""""",,,,,,
,1,0,0,,10734,,Etrimfos,perfect ,green,!=,"""""",,,,,,
,1,0,0,,10735,,Dioxabenzophos,perfect ,green,!=,"""""",,,,,,
,1,0,0,,10736,,FM-6-1,perfect ,green,!=,"""""",,,,,,
,1,0,0,,10737,,Dioxacarb,perfect ,green,!=,"""""",,,,,,
,1,0,0,,10738,,Famophos,perfect ,green,!=,"""""",,,,,,
,1,0,0,,10739,,Dioxathion,perfect ,green,!=,"""""",,,,,,
,1,0,0,,10740,,Diphenamide,perfect ,green,!=,"""""",,,,,,
,1,0,0,,10741,,Famoxadone,perfect ,green,!=,"""""",,,,,,
,1,0,0,,10742,,Diphenylamine,perfect ,green,!=,"""""",,,,,,
,1,0,0,,10743,,Fenamidone,perfect ,green,!=,"""""",,,,,,
,1,0,0,,10744,,Dipropetry,perfect ,green,!=,"""""",,,,,,
,1,0,0,,10745,,Fenamiphos,perfect ,green,!=,"""""",,,,,,
,1,0,0,,10746,,Disulfoton,perfect ,green,!=,"""""",,,,,,
,1,0,0,,10747,,Fenamiphos sulfone,perfect ,green,!=,"""""",,,,,,
,1,0,0,,10748,,Disulfoton sulfone,perfect ,green,!=,"""""",,,,,,
,1,0,0,,10749,,Fenamiphos sulfoxide,perfect ,green,!=,"""""",,,,,,
,1,0,0,,10750,,Disulfoton sulfoxide,perfect ,green,!=,"""""",,,,,,
,1,0,0,,10751,,Fenarimol,perfect ,green,!=,"""""",,,,,,
,1,0,0,,10752,,Ditalimfos,perfect ,green,!=,"""""",,,,,,
,1,0,0,,10753,,Fenazaquin,perfect ,green,!=,"""""",,,,,,
,1,0,0,,10754,,Diuron,perfect ,green,!=,"""""",,,,,,
,1,0,0,,10755,,Fenbuconazole,perfect ,green,!=,"""""",,,,,,
,1,0,0,,10756,,Dodemorph,perfect ,green,!=,"""""",,,,,,
,1,0,0,,10757,,Fenbutatin oxide,perfect ,green,!=,"""""",,,,,,
,1,0,0,,10758,,Dodin,perfect ,green,!=,"""""",,,,,,
,1,0,0,,10759,,Fenchlorphos,perfect ,green,!=,"""""",,,,,,
,1,0,0,,10760,,EPN,perfect ,green,!=,"""""",,,,,,
,1,0,0,,10761,,EPTC,perfect ,green,!=,"""""",,,,,,
,1,0,0,,10762,,Fenchlorphos-oxone,perfect ,green,!=,"""""",,,,,,
,1,0,0,,10763,,Fenfluthrin,perfect ,green,!=,"""""",,,,,,
,1,0,0,,10764,,Edifenphos,perfect ,green,!=,"""""",,,,,,
,1,0,0,,10765,,Fenhexamide,perfect ,green,!=,"""""",,,,,,
,1,0,0,,10766,,Emamectin benzoate B1a,perfect ,green,!=,"""""",,,,,,
,1,0,0,,10767,,Fenitrothion,perfect ,green,!=,"""""",,,,,,
,1,0,0,,10768,,Endosulfan-alpha,perfect ,green,!=,"""""",,,,,,
,1,0,0,,10773,,Endosulfan-beta,perfect ,green,!=,"""""",,,,,,
,1,0,0,,10774,,Fenobucarb,perfect ,green,!=,"""""",,,,,,
,1,0,0,,10775,,Fenoxaprop-P-Ethyl,perfect ,green,!=,"""""",,,,,,
,1,0,0,,10776,,Flumioxazine,perfect ,green,!=,"""""",,,,,,
,1,0,0,,10777,,Fenoxycarb,perfect ,green,!=,"""""",,,,,,
,1,0,0,,10778,,Fluometuron,perfect ,green,!=,"""""",,,,,,
,1,0,0,,10779,,Fenpiclonil,perfect ,green,!=,"""""",,,,,,
,1,0,0,,10780,,Fluopicolide,perfect ,green,!=,"""""",,,,,,
,1,0,0,,10781,,Fenpicoxamide,perfect ,green,!=,"""""",,,,,,
,1,0,0,,10782,,Fluopyram,perfect ,green,!=,"""""",,,,,,
,1,0,0,,10783,,Fenpropathrin,perfect ,green,!=,"""""",,,,,,
,1,0,0,,10784,,Fluorodifen,perfect ,green,!=,"""""",,,,,,
,1,0,0,,10785,,Fenpropidin,perfect ,green,!=,"""""",,,,,,
,1,0,0,,10786,,Fluoroglycofen-ethyl,perfect ,green,!=,"""""",,,,,,
,1,0,0,,10787,,Fenpropimorph,perfect ,green,!=,"""""",,,,,,
,1,0,0,,10788,,Fluotrimazole,perfect ,green,!=,"""""",,,,,,
,1,0,0,,10789,,Fenpyrazamine,perfect ,green,!=,"""""",,,,,,
,1,0,0,,10790,,Fluoxastrobin,perfect ,green,!=,"""""",,,,,,
,1,0,0,,10791,,Fenpyroximate,perfect ,green,!=,"""""",,,,,,
,1,0,0,,10792,,Flupyradifurone,perfect ,green,!=,"""""",,,,,,
,1,0,0,,10793,,Fenson,perfect ,green,!=,"""""",,,,,,
,1,0,0,,10794,,Fluquinconazole,perfect ,green,!=,"""""",,,,,,
,1,0,0,,10795,,Flurenol butyl,perfect ,green,!=,"""""",,,,,,
,1,0,0,,10796,,Fensulfothion,perfect ,green,!=,"""""",,,,,,
,1,0,0,,10797,,Flurenol-methyl,perfect ,green,!=,"""""",,,,,,
,1,0,0,,10798,,Fenthion,perfect ,green,!=,"""""",,,,,,
,1,0,0,,10799,,Flurochloridone,perfect ,green,!=,"""""",,,,,,
,1,0,0,,10800,,Fenthion oxon,perfect ,green,!=,"""""",,,,,,
,1,0,0,,10801,,Fluroxypyr-1-methylheptyl,perfect ,green,!=,"""""",,,,,,
,1,0,0,,10802,,Fenthion oxon sulfone,perfect ,green,!=,"""""",,,,,,
,1,0,0,,10803,,Flurprimidol,perfect ,green,!=,"""""",,,,,,
,1,0,0,,10804,,Fenthion oxon sulfoxide,perfect ,green,!=,"""""",,,,,,
,1,0,0,,10805,,Flusilazole,perfect ,green,!=,"""""",,,,,,
,1,0,0,,10806,,Fenthion sulfone,perfect ,green,!=,"""""",,,,,,
,1,0,0,,10807,,Fluthiacet methyl,perfect ,green,!=,"""""",,,,,,
,1,0,0,,10808,,Fenthion sulfoxide,perfect ,green,!=,"""""",,,,,,
,1,0,0,,10809,,Flutolanil,perfect ,green,!=,"""""",,,,,,
,1,0,0,,10810,,Fenuron,perfect ,green,!=,"""""",,,,,,
,1,0,0,,10811,,Flutriafol,perfect ,green,!=,"""""",,,,,,
,1,0,0,,10813,,Fluxametamide,perfect ,green,!=,"""""",,,,,,
,1,0,0,,10814,,Fluxapyroxad,perfect ,green,!=,"""""",,,,,,
,1,0,0,,10815,,Fipronil,perfect ,green,!=,"""""",,,,,,
,1,0,0,,10816,,Folpet,perfect ,green,!=,"""""",,,,,,
,1,0,0,,10817,,Fipronil sulphide,perfect ,green,!=,"""""",,,,,,
,1,0,0,,10818,,Fonophos,perfect ,green,!=,"""""",,,,,,
,1,0,0,,10819,,Fipronil sulfone,perfect ,green,!=,"""""",,,,,,
,1,0,0,,10820,,Foramsulfuron,perfect ,green,!=,"""""",,,,,,
,1,0,0,,10821,,Forchlorfenuron,perfect ,green,!=,"""""",,,,,,
,1,0,0,,10822,,Flamprop-Methyl,perfect ,green,!=,"""""",,,,,,
,1,0,0,,10823,,Formetanate,perfect ,green,!=,"""""",,,,,,
,1,0,0,,10824,,Flazasulfuron,perfect ,green,!=,"""""",,,,,,
,1,0,0,,10825,,Formothion,perfect ,green,!=,"""""",,,,,,
,1,0,0,,10826,,Florasulam,perfect ,green,!=,"""""",,,,,,
,1,0,0,,10827,,Fosthiazate,perfect ,green,!=,"""""",,,,,,
,1,0,0,,10828,,Fluazifop-P-butyl,perfect ,green,!=,"""""",,,,,,
,1,0,0,,10829,,Fuberidazole,perfect ,green,!=,"""""",,,,,,
,1,0,0,,10830,,Fluazinam,perfect ,green,!=,"""""",,,,,,
,1,0,0,,10831,,Furalaxyl,perfect ,green,!=,"""""",,,,,,
,1,0,0,,10832,,Fluazuron,perfect ,green,!=,"""""",,,,,,
,1,0,0,,10833,,Furathiocarb,perfect ,green,!=,"""""",,,,,,
,1,0,0,,10834,,Flubendiamide,perfect ,green,!=,"""""",,,,,,
,1,0,0,,10835,,Genit,perfect ,green,!=,"""""",,,,,,
,1,0,0,,10836,,Fluchloralin,perfect ,green,!=,"""""",,,,,,
,1,0,0,,10837,,HCH-alpha,perfect ,green,!=,"""""",,,,,,
,1,0,0,,10838,,Flucythrinate,perfect ,green,!=,"""""",,,,,,
,1,0,0,,10839,,Fludioxonil,perfect ,green,!=,"""""",,,,,,
,1,0,0,,10840,,HCH-beta,perfect ,green,!=,"""""",,,,,,
,1,0,0,,10841,,Flufenacet,perfect ,green,!=,"""""",,,,,,
,1,0,0,,10842,,Flufenacet oxalate,perfect ,green,!=,"""""",,,,,,
,1,0,0,,10843,,Halfenprox,perfect ,green,!=,"""""",,,,,,
,1,0,0,,10844,,Flufenoxuron,perfect ,green,!=,"""""",,,,,,
,1,0,0,,10849,,Flumetralin,perfect ,green,!=,"""""",,,,,,
,1,0,0,,10850,,Halosulfuron-methyl,perfect ,green,!=,"""""",,,,,,
,1,0,0,,10851,,Haloxyfop-2-ethoxyethyl,perfect ,green,!=,"""""",,,,,,
,1,0,0,,10852,,Isofenphos-ethyl,perfect ,green,!=,"""""",,,,,,
,1,0,0,,10853,,Haloxyfop-methyl,perfect ,green,!=,"""""",,,,,,
,1,0,0,,10854,,Heptachlor,perfect ,green,!=,"""""",,,,,,
,1,0,0,,10855,,Isofenphos-methyl,perfect ,green,!=,"""""",,,,,,
,1,0,0,,10856,,Isofetamide,perfect ,green,!=,"""""",,,,,,
,1,0,0,,10857,,"Heptachlor epoxide, cis",perfect ,green,!=,"""""",,,,,,
,1,0,0,,10858,,Isoprocarb,perfect ,green,!=,"""""",,,,,,
,1,0,0,,10859,,"Heptachlor epoxide, trans",perfect ,green,!=,"""""",,,,,,
,1,0,0,,10860,,Isopropalin,perfect ,green,!=,"""""",,,,,,
,1,0,0,,10861,,Isoprothiolane,perfect ,green,!=,"""""",,,,,,
,1,0,0,,10862,,Heptenophos,perfect ,green,!=,"""""",,,,,,
,1,0,0,,10863,,Isoproturon,perfect ,green,!=,"""""",,,,,,
,1,0,0,,10864,,Hexachlorobenzene,perfect ,green,!=,"""""",,,,,,
,1,0,0,,10865,,Isopyrazam,perfect ,green,!=,"""""",,,,,,
,1,0,0,,10866,,Isoxaben,perfect ,green,!=,"""""",,,,,,
,1,0,0,,10867,,Hexaconazole,perfect ,green,!=,"""""",,,,,,
,1,0,0,,10868,,Isoxadifen ethyl,perfect ,green,!=,"""""",,,,,,
,1,0,0,,10869,,Hexaflumuron,perfect ,green,!=,"""""",,,,,,
,1,0,0,,10870,,Isoxaflutole,perfect ,green,!=,"""""",,,,,,
,1,0,0,,10871,,Hexazinone,perfect ,green,!=,"""""",,,,,,
,1,0,0,,10872,,"Isoxaflutole, diketonitrile-",perfect ,green,!=,"""""",,,,,,
,1,0,0,,10874,,Isoxathione,perfect ,green,!=,"""""",,,,,,
,1,0,0,,10875,,Icaridine,perfect ,green,!=,"""""",,,,,,
,1,0,0,,10876,,Ivermectin,perfect ,green,!=,"""""",,,,,,
,1,0,0,,10877,,Karanjin,perfect ,green,!=,"""""",,,,,,
,1,0,0,,10878,,Imazalil,perfect ,green,!=,"""""",,,,,,
,1,0,0,,10879,,Kresoxim-methyl,perfect ,green,!=,"""""",,,,,,
,1,0,0,,10880,,Lactofen,perfect ,green,!=,"""""",,,,,,
,1,0,0,,10881,,Imibenconazole,perfect ,green,!=,"""""",,,,,,
,1,0,0,,10882,,Lambda-cyhalothrin,perfect ,green,!=,"""""",,,,,,
,1,0,0,,10883,,Imidacloprid,perfect ,green,!=,"""""",,,,,,
,1,0,0,,10884,,Imidaclothiz,perfect ,green,!=,"""""",,,,,,
,1,0,0,,10885,,Lenacil,perfect ,green,!=,"""""",,,,,,
,1,0,0,,10886,,Indaziflam,perfect ,green,!=,"""""",,,,,,
,1,0,0,,10887,,Leptophos,perfect ,green,!=,"""""",,,,,,
,1,0,0,,10888,,Indoxacarb,perfect ,green,!=,"""""",,,,,,
,1,0,0,,10889,,Lindane (HCH-gamma),perfect ,green,!=,"""""",,,,,,
,1,0,0,,10890,,Inpyrfluxam,perfect ,green,!=,"""""",,,,,,
,1,0,0,,10891,,Iodine fenphos,perfect ,green,!=,"""""",,,,,,
,1,0,0,,10892,,Linuron,perfect ,green,!=,"""""",,,,,,
,1,0,0,,10893,,Lufenuron,perfect ,green,!=,"""""",,,,,,
,1,0,0,,10894,,Ioxynil,perfect ,green,!=,"""""",,,,,,
,1,0,0,,10895,,MGK-264,perfect ,green,!=,"""""",,,,,,
,1,0,0,,10896,,Ipconazole,perfect ,green,!=,"""""",,,,,,
,1,0,0,,10897,,Iprobenphos,perfect ,green,!=,"""""",,,,,,
,1,0,0,,10898,,Malaoxon,perfect ,green,!=,"""""",,,,,,
,1,0,0,,10899,,Malathion,perfect ,green,!=,"""""",,,,,,
,1,0,0,,10900,,Iprodione,perfect ,green,!=,"""""",,,,,,
,1,0,0,,10901,,Mandestrobin,perfect ,green,!=,"""""",,,,,,
,1,0,0,,10902,,Iprovalicarb,perfect ,green,!=,"""""",,,,,,
,1,0,0,,10903,,Mandipropamide,perfect ,green,!=,"""""",,,,,,
,1,0,0,,10904,,Isazofos,perfect ,green,!=,"""""",,,,,,
,1,0,0,,10906,,Isobenzan,perfect ,green,!=,"""""",,,,,,
,1,0,0,,10907,,Mecarbam,perfect ,green,!=,"""""",,,,,,
,1,0,0,,10908,,Mefenpyr diethyl,perfect ,green,!=,"""""",,,,,,
,1,0,0,,10909,,Isocarbophos,perfect ,green,!=,"""""",,,,,,
,1,0,0,,10910,,Mefentrifluconazole,perfect ,green,!=,"""""",,,,,,
,1,0,0,,10915,,Isodrin,perfect ,green,!=,"""""",,,,,,
,1,0,0,,10916,,Mepanipyrim,perfect ,green,!=,"""""",,,,,,
,1,0,0,,10917,,Mephosfolan,perfect ,green,!=,"""""",,,,,,
,1,0,0,,10918,,Monocrotophos,perfect ,green,!=,"""""",,,,,,
,1,0,0,,10919,,Mepronil,perfect ,green,!=,"""""",,,,,,
,1,0,0,,10920,,Monolinuron,perfect ,green,!=,"""""",,,,,,
,1,0,0,,10921,,Meptyldinocap,perfect ,green,!=,"""""",,,,,,
,1,0,0,,10922,,Monuron,perfect ,green,!=,"""""",,,,,,
,1,0,0,,10923,,Mesosulfuron-methyl,perfect ,green,!=,"""""",,,,,,
,1,0,0,,10924,,Morphothion,perfect ,green,!=,"""""",,,,,,
,1,0,0,,10925,,Metaflumi zone,perfect ,green,!=,"""""",,,,,,
,1,0,0,,10926,,Myclobutanil,perfect ,green,!=,"""""",,,,,,
,1,0,0,,10927,,Metalaxyl/Metalaxyl-M,perfect ,green,!=,"""""",,,,,,
,1,0,0,,10928,,Napropamide,perfect ,green,!=,"""""",,,,,,
,1,0,0,,10929,,Metamitron,perfect ,green,!=,"""""",,,,,,
,1,0,0,,10930,,Neburon,perfect ,green,!=,"""""",,,,,,
,1,0,0,,10931,,Metazachlor,perfect ,green,!=,"""""",,,,,,
,1,0,0,,10932,,Nitenpyram,perfect ,green,!=,"""""",,,,,,
,1,0,0,,10933,,Metconazole,perfect ,green,!=,"""""",,,,,,
,1,0,0,,10934,,Nitralin,perfect ,green,!=,"""""",,,,,,
,1,0,0,,10935,,Methabenzthiazuron,perfect ,green,!=,"""""",,,,,,
,1,0,0,,10936,,Nitrapyrin,perfect ,green,!=,"""""",,,,,,
,1,0,0,,10937,,Methacrifos,perfect ,green,!=,"""""",,,,,,
,1,0,0,,10938,,Nitrofen,perfect ,green,!=,"""""",,,,,,
,1,0,0,,10939,,Methamidophos,perfect ,green,!=,"""""",,,,,,
,1,0,0,,10940,,Nitrothal Isopropyl,perfect ,green,!=,"""""",,,,,,
,1,0,0,,10941,,Methidathion,perfect ,green,!=,"""""",,,,,,
,1,0,0,,10942,,Non-chlorine,perfect ,green,!=,"""""",,,,,,
,1,0,0,,10943,,Methiocarb,perfect ,green,!=,"""""",,,,,,
,1,0,0,,10944,,Norflurazon,perfect ,green,!=,"""""",,,,,,
,1,0,0,,10945,,Methiocarb sulfone,perfect ,green,!=,"""""",,,,,,
,1,0,0,,10946,,Novaluron,perfect ,green,!=,"""""",,,,,,
,1,0,0,,10947,,Methiocarb sulfoxide,perfect ,green,!=,"""""",,,,,,
,1,0,0,,10948,,Nuarimol,perfect ,green,!=,"""""",,,,,,
,1,0,0,,10949,,Methomyl,perfect ,green,!=,"""""",,,,,,
,1,0,0,,10950,,Octachlorostyrene,perfect ,green,!=,"""""",,,,,,
,1,0,0,,10951,,Methoprotryne,perfect ,green,!=,"""""",,,,,,
,1,0,0,,10952,,Ofurace,perfect ,green,!=,"""""",,,,,,
,1,0,0,,10953,,Methothrin,perfect ,green,!=,"""""",,,,,,
,1,0,0,,10954,,Omethoat,perfect ,green,!=,"""""",,,,,,
,1,0,0,,10955,,Methoxychlorine,perfect ,green,!=,"""""",,,,,,
,1,0,0,,10956,,Oxadiazone,perfect ,green,!=,"""""",,,,,,
,1,0,0,,10957,,Oxadixyl,perfect ,green,!=,"""""",,,,,,
,1,0,0,,10958,,Methoxyfenocide,perfect ,green,!=,"""""",,,,,,
,1,0,0,,10959,,Oxamyl,perfect ,green,!=,"""""",,,,,,
,1,0,0,,10960,,Metobromuron,perfect ,green,!=,"""""",,,,,,
,1,0,0,,10961,,Oxathiapiproline,perfect ,green,!=,"""""",,,,,,
,1,0,0,,10962,,Metolachlor/S-metolachlor,perfect ,green,!=,"""""",,,,,,
,1,0,0,,10963,,Oxycarboxin,perfect ,green,!=,"""""",,,,,,
,1,0,0,,10964,,Metolcarb,perfect ,green,!=,"""""",,,,,,
,1,0,0,,10965,,Oxydemeton-methyl,perfect ,green,!=,"""""",,,,,,
,1,0,0,,10966,,Metosulam,perfect ,green,!=,"""""",,,,,,
,1,0,0,,10967,,Metoxuron,perfect ,green,!=,"""""",,,,,,
,1,0,0,,10968,,Oxyfluorfen,perfect ,green,!=,"""""",,,,,,
,1,0,0,,10969,,Metrafenone,perfect ,green,!=,"""""",,,,,,
,1,0,0,,10970,,Paclobutrazol,perfect ,green,!=,"""""",,,,,,
,1,0,0,,10971,,Metribuzin,perfect ,green,!=,"""""",,,,,,
,1,0,0,,10972,,Paraoxone ethyl,perfect ,green,!=,"""""",,,,,,
,1,0,0,,10973,,Metsulfuron-methyl,perfect ,green,!=,"""""",,,,,,
,1,0,0,,10974,,Mevinphos,perfect ,green,!=,"""""",,,,,,
,1,0,0,,10975,,Paraoxon-methyl,perfect ,green,!=,"""""",,,,,,
,1,0,0,,10976,,Milbemectin-A3,perfect ,green,!=,"""""",,,,,,
,1,0,0,,10977,,Parathion ethyl,perfect ,green,!=,"""""",,,,,,
,1,0,0,,10978,,Milbemectin-A4,perfect ,green,!=,"""""",,,,,,
,1,0,0,,10979,,Mirex,perfect ,green,!=,"""""",,,,,,
,1,0,0,,10980,,Parathion-methyl,perfect ,green,!=,"""""",,,,,,
,1,0,0,,10981,,Molinates,perfect ,green,!=,"""""",,,,,,
,1,0,0,,10986,,Monalid,perfect ,green,!=,"""""",,,,,,
,1,0,0,,10987,,Pebulat,perfect ,green,!=,"""""",,,,,,
,1,0,0,,10988,,Penconazole,perfect ,green,!=,"""""",,,,,,
,1,0,0,,10989,,Pirimicarb,perfect ,green,!=,"""""",,,,,,
,1,0,0,,10990,,Pencycuron,perfect ,green,!=,"""""",,,,,,
,1,0,0,,10991,,Pirimiphos ethyl,perfect ,green,!=,"""""",,,,,,
,1,0,0,,10992,,Pencycuron-PB-amine,perfect ,green,!=,"""""",,,,,,
,1,0,0,,10993,,Pirimiphos-methyl,perfect ,green,!=,"""""",,,,,,
,1,0,0,,10994,,Pendimethalin,perfect ,green,!=,"""""",,,,,,
,1,0,0,,10995,,Plifenat,perfect ,green,!=,"""""",,,,,,
,1,0,0,,10996,,Penflufen,perfect ,green,!=,"""""",,,,,,
,1,0,0,,10997,,Prallethrin,perfect ,green,!=,"""""",,,,,,
,1,0,0,,10998,,Pentachloroaniline,perfect ,green,!=,"""""",,,,,,
,1,0,0,,10999,,Pentachloroanisole,perfect ,green,!=,"""""",,,,,,
,1,0,0,,11000,,Pretilachlor,perfect ,green,!=,"""""",,,,,,
,1,0,0,,11001,,Pentachlorobenzene,perfect ,green,!=,"""""",,,,,,
,1,0,0,,11002,,Primisulfuron-methyl,perfect ,green,!=,"""""",,,,,,
,1,0,0,,11003,,Pentachlorobenzonitrile,perfect ,green,!=,"""""",,,,,,
,1,0,0,,11004,,Prochloraz,perfect ,green,!=,"""""",,,,,,
,1,0,0,,11005,,Pentachlorothioanisole,perfect ,green,!=,"""""",,,,,,
,1,0,0,,11006,,Procymidone,perfect ,green,!=,"""""",,,,,,
,1,0,0,,11007,,Profenofos,perfect ,green,!=,"""""",,,,,,
,1,0,0,,11008,,Penthiopy wheel,perfect ,green,!=,"""""",,,,,,
,1,0,0,,11009,,Profluralin,perfect ,green,!=,"""""",,,,,,
,1,0,0,,11010,,Permethrin,perfect ,green,!=,"""""",,,,,,
,1,0,0,,11011,,Promecarb,perfect ,green,!=,"""""",,,,,,
,1,0,0,,11012,,Perthan,perfect ,green,!=,"""""",,,,,,
,1,0,0,,11013,,Prometryn,perfect ,green,!=,"""""",,,,,,
,1,0,0,,11014,,Pethoxamide,perfect ,green,!=,"""""",,,,,,
,1,0,0,,11015,,Propamocarb,perfect ,green,!=,"""""",,,,,,
,1,0,0,,11016,,Phenkapton,perfect ,green,!=,"""""",,,,,,
,1,0,0,,11017,,Propanil,perfect ,green,!=,"""""",,,,,,
,1,0,0,,11018,,Phenmedipham,perfect ,green,!=,"""""",,,,,,
,1,0,0,,11019,,Propaphos,perfect ,green,!=,"""""",,,,,,
,1,0,0,,11020,,Phenothrin,perfect ,green,!=,"""""",,,,,,
,1,0,0,,11021,,Propaquizafop,perfect ,green,!=,"""""",,,,,,
,1,0,0,,11022,,Phenthoate,perfect ,green,!=,"""""",,,,,,
,1,0,0,,11023,,Propargite,perfect ,green,!=,"""""",,,,,,
,1,0,0,,11024,,Propazine,perfect ,green,!=,"""""",,,,,,
,1,0,0,,11025,,"Phenylphenol, ortho",perfect ,green,!=,"""""",,,,,,
,1,0,0,,11026,,Propetamphos,perfect ,green,!=,"""""",,,,,,
,1,0,0,,11027,,Propham,perfect ,green,!=,"""""",,,,,,
,1,0,0,,11028,,Phorate,perfect ,green,!=,"""""",,,,,,
,1,0,0,,11029,,Phorate oxone,perfect ,green,!=,"""""",,,,,,
,1,0,0,,11030,,Propiconazole,perfect ,green,!=,"""""",,,,,,
,1,0,0,,11031,,Phorate oxon sulfone,perfect ,green,!=,"""""",,,,,,
,1,0,0,,11032,,Propisochlorine,perfect ,green,!=,"""""",,,,,,
,1,0,0,,11033,,Phorate sulfone,perfect ,green,!=,"""""",,,,,,
,1,0,0,,11034,,Propoxur,perfect ,green,!=,"""""",,,,,,
,1,0,0,,11035,,Phosalon,perfect ,green,!=,"""""",,,,,,
,1,0,0,,11036,,Propoxycarbazone,perfect ,green,!=,"""""",,,,,,
,1,0,0,,11037,,Phosfolan,perfect ,green,!=,"""""",,,,,,
,1,0,0,,11038,,"Propoxycarbazone, 2-hydroxy",perfect ,green,!=,"""""",,,,,,
,1,0,0,,11039,,Phosmet,perfect ,green,!=,"""""",,,,,,
,1,0,0,,11040,,Propyzamide,perfect ,green,!=,"""""",,,,,,
,1,0,0,,11041,,Proquinazid,perfect ,green,!=,"""""",,,,,,
,1,0,0,,11042,,Phosmet-Oxon,perfect ,green,!=,"""""",,,,,,
,1,0,0,,11043,,Phosphamidon,perfect ,green,!=,"""""",,,,,,
,1,0,0,,11044,,Prosulfocarb,perfect ,green,!=,"""""",,,,,,
,1,0,0,,11045,,Phoxim,perfect ,green,!=,"""""",,,,,,
,1,0,0,,11047,,Picolinfen,perfect ,green,!=,"""""",,,,,,
,1,0,0,,11049,,Picoxystrobin,perfect ,green,!=,"""""",,,,,,
,1,0,0,,11050,,Prothiofos,perfect ,green,!=,"""""",,,,,,
,1,0,0,,11051,,Piperonyl butoxide,perfect ,green,!=,"""""",,,,,,
,1,0,0,,11052,,Prothoat,perfect ,green,!=,"""""",,,,,,
,1,0,0,,11053,,Pydiflumetofen,perfect ,green,!=,"""""",,,,,,
,1,0,0,,11058,,Piperophos,perfect ,green,!=,"""""",,,,,,
,1,0,0,,11059,,Pyflubumide,perfect ,green,!=,"""""",,,,,,
,1,0,0,,11060,,"Pyflubumide, -des(2-methyl-1oxopropyl)",perfect ,green,!=,"""""",,,,,,
,1,0,0,,11061,,Silafluofen,perfect ,green,!=,"""""",,,,,,
,1,0,0,,11062,,Pymetrozine,perfect ,green,!=,"""""",,,,,,
,1,0,0,,11063,,Pyraclofos,perfect ,green,!=,"""""",,,,,,
,1,0,0,,11064,,Silthiofam,perfect ,green,!=,"""""",,,,,,
,1,0,0,,11065,,Pyraclostrobin,perfect ,green,!=,"""""",,,,,,
,1,0,0,,11066,,Simazine,perfect ,green,!=,"""""",,,,,,
,1,0,0,,11067,,Pyraflufen ethyl,perfect ,green,!=,"""""",,,,,,
,1,0,0,,11068,,Simeconazole,perfect ,green,!=,"""""",,,,,,
,1,0,0,,11069,,Pyrazophos,perfect ,green,!=,"""""",,,,,,
,1,0,0,,11070,,Spinetoram,perfect ,green,!=,"""""",,,,,,
,1,0,0,,11071,,Spinosad,perfect ,green,!=,"""""",,,,,,
,1,0,0,,11072,,Pyridaben,perfect ,green,!=,"""""",,,,,,
,1,0,0,,11073,,Pyridafol,perfect ,green,!=,"""""",,,,,,
,1,0,0,,11074,,Spirodiclofen,perfect ,green,!=,"""""",,,,,,
,1,0,0,,11075,,Spiromesifen,perfect ,green,!=,"""""",,,,,,
,1,0,0,,11076,,Pyridalyl,perfect ,green,!=,"""""",,,,,,
,1,0,0,,11077,,Spirotetramat,perfect ,green,!=,"""""",,,,,,
,1,0,0,,11078,,Pyridaphenthione,perfect ,green,!=,"""""",,,,,,
,1,0,0,,11079,,"Spirotetramat, -enol",perfect ,green,!=,"""""",,,,,,
,1,0,0,,11081,,Pyrifenox,perfect ,green,!=,"""""",,,,,,
,1,0,0,,11082,,"Spirotetramat, -ketohydroxy",perfect ,green,!=,"""""",,,,,,
,1,0,0,,11083,,Pyrifluquinazone,perfect ,green,!=,"""""",,,,,,
,1,0,0,,11084,,"Spirotetramat, -monohydroxy",perfect ,green,!=,"""""",,,,,,
,1,0,0,,11085,,Pyrimethanil,perfect ,green,!=,"""""",,,,,,
,1,0,0,,11086,,Spiroxamine,perfect ,green,!=,"""""",,,,,,
,1,0,0,,11087,,Pyrimidifen,perfect ,green,!=,"""""",,,,,,
,1,0,0,,11088,,Sulfallat,perfect ,green,!=,"""""",,,,,,
,1,0,0,,11089,,Pyrimidate,perfect ,green,!=,"""""",,,,,,
,1,0,0,,11090,,Sulfentrazone,perfect ,green,!=,"""""",,,,,,
,1,0,0,,11091,,Pyriproxyfen,perfect ,green,!=,"""""",,,,,,
,1,0,0,,11092,,Sulfosulfuron,perfect ,green,!=,"""""",,,,,,
,1,0,0,,11093,,Pyroxsulam,perfect ,green,!=,"""""",,,,,,
,1,0,0,,11094,,Sulfotep,perfect ,green,!=,"""""",,,,,,
,1,0,0,,11095,,Quinalphos,perfect ,green,!=,"""""",,,,,,
,1,0,0,,11096,,Sulfoxaflor,perfect ,green,!=,"""""",,,,,,
,1,0,0,,11097,,Quinoclamine,perfect ,green,!=,"""""",,,,,,
,1,0,0,,11098,,Sulprofos,perfect ,green,!=,"""""",,,,,,
,1,0,0,,11099,,Quinoxyfen,perfect ,green,!=,"""""",,,,,,
,1,0,0,,11100,,TEPP,perfect ,green,!=,"""""",,,,,,
,1,0,0,,11101,,Quintozene,perfect ,green,!=,"""""",,,,,,
,1,0,0,,11103,,Quizalofop ethyl,perfect ,green,!=,"""""",,,,,,
,1,0,0,,11104,,Tebuconazole,perfect ,green,!=,"""""",,,,,,
,1,0,0,,11105,,Quizalofop-P-Tefuryl,perfect ,green,!=,"""""",,,,,,
,1,0,0,,11106,,Tebufenocide,perfect ,green,!=,"""""",,,,,,
,1,0,0,,11107,,Tebufenpyrad,perfect ,green,!=,"""""",,,,,,
,1,0,0,,11108,,Tebupirimfos,perfect ,green,!=,"""""",,,,,,
,1,0,0,,11109,,Rimsulfuron,perfect ,green,!=,"""""",,,,,,
,1,0,0,,11110,,Tebutam,perfect ,green,!=,"""""",,,,,,
,1,0,0,,11111,,rotenone,perfect ,green,!=,"""""",,,,,,
,1,0,0,,11112,,Tebuthiuron,perfect ,green,!=,"""""",,,,,,
,1,0,0,,11113,,Tecnazen,perfect ,green,!=,"""""",,,,,,
,1,0,0,,11114,,S-421,perfect ,green,!=,"""""",,,,,,
,1,0,0,,11115,,Teflubenzuron,perfect ,green,!=,"""""",,,,,,
,1,0,0,,11116,,Sebutylazine,perfect ,green,!=,"""""",,,,,,
,1,0,0,,11117,,Tefluthrin,perfect ,green,!=,"""""",,,,,,
,1,0,0,,11118,,Sedaxan,perfect ,green,!=,"""""",,,,,,
,1,0,0,,11119,,Tepraloxydim,perfect ,green,!=,"""""",,,,,,
,1,0,0,,11120,,Sethoxydim,perfect ,green,!=,"""""",,,,,,
,1,0,0,,11121,,Terbacil,perfect ,green,!=,"""""",,,,,,
,1,0,0,,11125,,Terbufos,perfect ,green,!=,"""""",,,,,,
,1,0,0,,11126,,Terbumeton,perfect ,green,!=,"""""",,,,,,
,1,0,0,,11127,,"Trichlorobenzene, 1,2,3",perfect ,green,!=,"""""",,,,,,
,1,0,0,,11128,,Terbuthylazine,perfect ,green,!=,"""""",,,,,,
,1,0,0,,11129,,"Trichlorobenzene, 1,2,4-",perfect ,green,!=,"""""",,,,,,
,1,0,0,,11130,,Terbutryn,perfect ,green,!=,"""""",,,,,,
,1,0,0,,11131,,"Trichlorobenzene, 1,3,5",perfect ,green,!=,"""""",,,,,,
,1,0,0,,11132,,Tetrachlorvinphos,perfect ,green,!=,"""""",,,,,,
,1,0,0,,11133,,Trichlorfon,perfect ,green,!=,"""""",,,,,,
,1,0,0,,11134,,Tetraconazole,perfect ,green,!=,"""""",,,,,,
,1,0,0,,11135,,Trichloronate,perfect ,green,!=,"""""",,,,,,
,1,0,0,,11136,,Tetradifone,perfect ,green,!=,"""""",,,,,,
,1,0,0,,11137,,Tricyclazole,perfect ,green,!=,"""""",,,,,,
,1,0,0,,11138,,Tridemorph,perfect ,green,!=,"""""",,,,,,
,1,0,0,,11139,,Tetramethrin,perfect ,green,!=,"""""",,,,,,
,1,0,0,,11140,,Trifenmorph,perfect ,green,!=,"""""",,,,,,
,1,0,0,,11141,,Tetrasul,perfect ,green,!=,"""""",,,,,,
,1,0,0,,11142,,Trifloxystrobin,perfect ,green,!=,"""""",,,,,,
,1,0,0,,11143,,Thenyl chlorine,perfect ,green,!=,"""""",,,,,,
,1,0,0,,11144,,Trifloxysulfuron,perfect ,green,!=,"""""",,,,,,
,1,0,0,,11145,,Thiabendazole,perfect ,green,!=,"""""",,,,,,
,1,0,0,,11146,,Triflumizole,perfect ,green,!=,"""""",,,,,,
,1,0,0,,11147,,Thiacloprid,perfect ,green,!=,"""""",,,,,,
,1,0,0,,11148,,Triflumuron,perfect ,green,!=,"""""",,,,,,
,1,0,0,,11149,,Thiamethoxam,perfect ,green,!=,"""""",,,,,,
,1,0,0,,11150,,Trifluralin,perfect ,green,!=,"""""",,,,,,
,1,0,0,,11151,,Thifensulfuron-methyl,perfect ,green,!=,"""""",,,,,,
,1,0,0,,11152,,Triforin,perfect ,green,!=,"""""",,,,,,
,1,0,0,,11153,,Thiobencarb,perfect ,green,!=,"""""",,,,,,
,1,0,0,,11154,,Trimethacarb,perfect ,green,!=,"""""",,,,,,
,1,0,0,,11155,,Thiodicarb,perfect ,green,!=,"""""",,,,,,
,1,0,0,,11156,,Triticonazole,perfect ,green,!=,"""""",,,,,,
,1,0,0,,11157,,Thiofanox,perfect ,green,!=,"""""",,,,,,
,1,0,0,,11158,,Tritosulfuron,perfect ,green,!=,"""""",,,,,,
,1,0,0,,11159,,Thiometon,perfect ,green,!=,"""""",,,,,,
,1,0,0,,11160,,Uniconazole,perfect ,green,!=,"""""",,,,,,
,1,0,0,,11161,,Thionazine,perfect ,green,!=,"""""",,,,,,
,1,0,0,,11162,,Valifenalate,perfect ,green,!=,"""""",,,,,,
,1,0,0,,11163,,Vamidothion,perfect ,green,!=,"""""",,,,,,
,1,0,0,,11164,,Thiophanate-methyl,perfect ,green,!=,"""""",,,,,,
,1,0,0,,11165,,Vinclozolin,perfect ,green,!=,"""""",,,,,,
,1,0,0,,11166,,Tioxazafen,perfect ,green,!=,"""""",,,,,,
,1,0,0,,11167,,Zoxamide,perfect ,green,!=,"""""",,,,,,
,1,0,0,,11168,,Tolclofos-methyl,perfect ,green,!=,"""""",,,,,,
,1,0,0,,11169,,Tolfenpyrad,perfect ,green,!=,"""""",,,,,,
,1,0,0,,11170,,Tolylfluanid,perfect ,green,!=,"""""",,,,,,
,1,0,0,,11171,,Tralkoxydim,perfect ,green,!=,"""""",,,,,,
,1,0,0,,11172,,Transfluthrin,perfect ,green,!=,"""""",,,,,,
,1,0,0,,11173,,Triadimefon,perfect ,green,!=,"""""",,,,,,
,1,0,0,,11174,,Triadimenol,perfect ,green,!=,"""""",,,,,,
,1,0,0,,11175,,Triallate,perfect ,green,!=,"""""",,,,,,
,1,0,0,,11176,,Triasulfuron,perfect ,green,!=,"""""",,,,,,
,1,0,0,,11177,,Triazamate,perfect ,green,!=,"""""",,,,,,
,1,0,0,,11178,,Triazophos,perfect ,green,!=,"""""",,,,,,
,1,0,0,,11179,,Triazoxide,perfect ,green,!=,"""""",,,,,,
,1,0,0,,11180,,Tribenuron-methyl,perfect ,green,!=,"""""",,,,,,
,1,0,0,,11181,,Tribufos,perfect ,green,!=,"""""",,,,,,
,1,0,0,,11182,,Chloroethoxyfos,perfect ,green,!=,"""""",,,,,,
,1,0,0,,11183,,Clothianidin,perfect ,green,!=,"""""",,,,,,
,1,0,0,,11184,,"Spirotetramat, -enol glucoside",perfect ,green,!=,"""""",,,,,,
,1,0,0,,11242,,"Benzyladenin, 6-",perfect ,green,!=,"""""",,,,,,
,1,0,0,,11263,,Bifenthrin,perfect ,green,!=,"""""",,,,,,
,1,0,0,,11271,,Captan metabolite tetrahydrophthalimide (THPI),perfect ,green,!=,"""""",,,,,,
,1,0,0,,11295,,"DDT-p,p",perfect ,green,!=,"""""",,,,,,
,1,0,0,,11323,,Fenvalerate/esfenvalerate,perfect ,green,!=,"""""",,,,,,
,1,0,0,,11326,,Tau-fluvalinate,perfect ,green,!=,"""""",,,,,,
,1,0,0,,11343,,Hexythiazox,perfect ,green,!=,"""""",,,,,,
,1,0,0,,11412,,Phthalimide,perfect ,green,!=,"""""",,,,,,
,1,0,0,,11416,,Prochloraz metabolite BTS44595,perfect ,green,!=,"""""",,,,,,
,1,0,0,,11417,,Prochloraz metabolite BTS44596,perfect ,green,!=,"""""",,,,,,
,1,0,0,,11425,,Prothioconazole,perfect ,green,!=,"""""",,,,,,
,1,0,0,,11426,,Prothioconazole (Prothioconazole-Desthio),perfect ,green,!=,"""""",,,,,,
,1,0,0,,11886,,Pyrethrins,perfect ,green,!=,"""""",,,,,,
,1,0,0,,11887,,Resmethrin,perfect ,green,!=,"""""",,,,,,
,1,0,0,,11888,,Chlorothalonil-4-hydroxy,perfect ,green,!=,"""""",,,,,,
,1,0,0,,10541,,Amitraz,perfect ,green,!=,"""""",,,,,,
,1,0,0,,10600,,Chlorpropylate,perfect ,green,!=,"""""",,,,,,