spec_id,column,DDF_unit,inverse,show,parametertype_id,DDF_target_value,param_name,DDF_type,color,operator,value,linker,operator2,value2,regex_filter,text,translations
,0,,0,1,5369,,"Pesticides GC-MS/MS, QuEChERS",perfect,green,=,not detectable,OR,=,nicht nachw.,,,
,0,,0,1,5369,,"Pesticides GC-MS/MS, QuEChERS",not OK,red,>,0,,,,,,
,0,,0,1,5370,,"Pesticides LC-MS/MS, QuEChERS",perfect,green,=,not detectable,OR,=,nicht nachw.,,,
,0,,0,1,5370,,"Pesticides LC-MS/MS, QuEChERS",not OK,red,>,0,,,,,,
,0,,0,1,10499,,"1,4-Dimethylnaphthalene",perfect,green,<=,0.01,,,,,,
,0,,0,1,10499,,"1,4-Dimethylnaphthalene",not OK,red,>,0.01,,,,,,
,0,,0,1,10501,,"2,3,4,5-Tetrachloroanisole",perfect,green,<=,0.01,,,,,,
,0,,0,1,10501,,"2,3,4,5-Tetrachloroanisole",not OK,red,>,0.01,,,,,,
,0,,0,1,10502,,"2,3,5,6-Tetrachloroaniline",perfect,green,<,0.01,,,,,,
,0,,0,1,10503,,Benalaxyl,perfect,green,<,0.01,,,,,,
,0,,0,1,10504,,"2,4,6-Trichloroanisole",perfect,green,<,0.01,,,,,,
,0,,0,1,10505,,Bendiocarb,perfect,green,<,0.01,,,,,,
,0,,0,1,10506,,4-Bromophenylurea,perfect,green,<,0.01,,,,,,
,0,,0,1,10507,,Benfluralin,perfect,green,<,0.01,,,,,,
,0,,0,1,10508,,Abamectin,perfect,green,<,0.01,,,,,,
,0,,0,1,10509,,Benfuracarb,perfect,green,<,0.01,,,,,,
,0,,0,1,10510,,Acephate,perfect,green,<,0.01,,,,,,
,0,,0,1,10511,,Benodanil,perfect,green,<,0.01,,,,,,
,0,,0,1,10512,,Acetamiprid,perfect,green,<,0.01,,,,,,
,0,,0,1,10513,,Benomyl,perfect,green,<,0.01,,,,,,
,0,,0,1,10514,,Acetochlor,perfect,green,<,0.01,,,,,,
,0,,0,1,10515,,Benoxacor,perfect,green,<,0.01,,,,,,
,0,,0,1,10516,,Acibenzolar-S-Methyl,perfect,green,<,0.01,,,,,,
,0,,0,1,10517,,Bensulfuron-methyl,perfect,green,<,0.01,,,,,,
,0,,0,1,10518,,Aclonifen,perfect,green,<,0.01,,,,,,
,0,,0,1,10519,,Benthiavalicarb isopropyl,perfect,green,<,0.01,,,,,,
,0,,0,1,10520,,Acrinathrin,perfect,green,<,0.01,,,,,,
,0,,0,1,10521,,Benzalkonium chloride - C10,perfect,green,<,0.01,,,,,,
,0,,0,1,10522,,Alachlor,perfect,green,<,0.01,,,,,,
,0,,0,1,10523,,Aldicarb,perfect,green,<,0.01,,,,,,
,0,,0,1,10524,,Benzalkonium chloride - C12,perfect,green,<,0.01,,,,,,
,0,,0,1,10525,,Aldicarb sulfone,perfect,green,<,0.01,,,,,,
,0,,0,1,10526,,Benzalkonium chloride - C14,perfect,green,<,0.01,,,,,,
,0,,0,1,10527,,Aldicarb sulfoxide,perfect,green,<,0.01,,,,,,
,0,,0,1,10528,,Aldrin,perfect,green,<,0.01,,,,,,
,0,,0,1,10529,,Benzalkonium chloride - C16,perfect,green,<,0.01,,,,,,
,0,,0,1,10530,,Allethrin,perfect,green,<,0.01,,,,,,
,0,,0,1,10531,,Ametoctradine,perfect,green,<,0.01,,,,,,
,0,,0,1,10532,,Benzalkonium chloride - C18,perfect,green,<,0.01,,,,,,
,0,,0,1,10533,,Ametryn,perfect,green,<,0.01,,,,,,
,0,,0,1,10534,,Amidithione,perfect,green,<,0.01,,,,,,
,0,,0,1,10535,,Benzalkonium chloride - C8,perfect,green,<,0.01,,,,,,
,0,,0,1,10536,,Amidosulfuron,perfect,green,<,0.01,,,,,,
,0,,0,1,10537,,Aminocarb,perfect,green,<,0.01,,,,,,
,0,,0,1,10538,,Benzovindiflupyr,perfect,green,<,0.01,,,,,,
,0,,0,1,10539,,Amisul bromine,perfect,green,<,0.01,,,,,,
,0,,0,1,10541,,Amitraz,perfect,green,<,0.01,,,,,,
,0,,0,1,10542,,Anilofos,perfect,green,<,0.01,,,,,,
,0,,0,1,10543,,Bifenazat,perfect,green,<,0.01,,,,,,
,0,,0,1,10544,,Anthraquinone,perfect,green,<,0.01,,,,,,
,0,,0,1,10545,,Bifenox,perfect,green,<,0.01,,,,,,
,0,,0,1,10546,,Atrazine,perfect,green,<,0.01,,,,,,
,0,,0,1,10548,,Azaconazole,perfect,green,<,0.01,,,,,,
,0,,0,1,10549,,Biphenyl,perfect,green,<,0.01,,,,,,
,0,,0,1,10550,,Azadirachtin,perfect,green,<,0.01,,,,,,
,0,,0,1,10551,,Azamethiphos,perfect,green,<,0.01,,,,,,
,0,,0,1,10552,,Bitertanol,perfect,green,<,0.01,,,,,,
,0,,0,1,10553,,Azinphos-ethyl,perfect,green,<,0.01,,,,,,
,0,,0,1,10554,,Bixafen,perfect,green,<,0.01,,,,,,
,0,,0,1,10555,,Azinphos-methyl,perfect,green,<,0.01,,,,,,
,0,,0,1,10556,,Boscalid,perfect,green,<,0.01,,,,,,
,0,,0,1,10557,,Azoxystrobin,perfect,green,<,0.01,,,,,,
,0,,0,1,10559,,Bromacil,perfect,green,<,0.01,,,,,,
,0,,0,1,10560,,Bromadiolone,perfect,green,<,0.01,,,,,,
,0,,0,1,10564,,Bromfenvinphos,perfect,green,<,0.01,,,,,,
,0,,0,1,10565,,Bromine cycles,perfect,green,<,0.01,,,,,,
,0,,0,1,10566,,Chlorobenzuron,perfect,green,<,0.01,,,,,,
,0,,0,1,10567,,Bromophos-ethyl,perfect,green,<,0.01,,,,,,
,0,,0,1,10568,,Chlorobromuron,perfect,green,<,0.01,,,,,,
,0,,0,1,10569,,Bromophos-methyl,perfect,green,<,0.01,,,,,,
,0,,0,1,10570,,Chlorobufam,perfect,green,<,0.01,,,,,,
,0,,0,1,10571,,"Chlordane, Cis-",perfect,green,<,0.01,,,,,,
,0,,0,1,10572,,Bromoxynil,perfect,green,<,0.01,,,,,,
,0,,0,1,10573,,"Chlordane, oxy-",perfect,green,<,0.01,,,,,,
,0,,0,1,10574,,Bromopropylate,perfect,green,<,0.01,,,,,,
,0,,0,1,10575,,"Chlordan, Trans",perfect,green,<,0.01,,,,,,
,0,,0,1,10576,,Bromuconazole,perfect,green,<,0.01,,,,,,
,0,,0,1,10577,,Bupirimat,perfect,green,<,0.01,,,,,,
,0,,0,1,10578,,Chlorodimeform,perfect,green,<,0.01,,,,,,
,0,,0,1,10579,,Buprofezin,perfect,green,<,0.01,,,,,,
,0,,0,1,10580,,Chlorfenapyr,perfect,green,<,0.01,,,,,,
,0,,0,1,10581,,Butachlor,perfect,green,<,0.01,,,,,,
,0,,0,1,10582,,Chlorfenprop-methyl,perfect,green,<,0.01,,,,,,
,0,,0,1,10583,,Butafenacil,perfect,green,<,0.01,,,,,,
,0,,0,1,10584,,Chlorfenson,perfect,green,<,0.01,,,,,,
,0,,0,1,10585,,Butamifos,perfect,green,<,0.01,,,,,,
,0,,0,1,10586,,Butocarboxim,perfect,green,<,0.01,,,,,,
,0,,0,1,10587,,Chlorfenvinphos,perfect,green,<,0.01,,,,,,
,0,,0,1,10588,,Butoxycarboxim,perfect,green,<,0.01,,,,,,
,0,,0,1,10589,,Chlorfluazuron,perfect,green,<,0.01,,,,,,
,0,,0,1,10590,,Chloridazon,perfect,green,<,0.01,,,,,,
,0,,0,1,10591,,Butralin,perfect,green,<,0.01,,,,,,
,0,,0,1,10592,,Buturon,perfect,green,<,0.01,,,,,,
,0,,0,1,10593,,"Chloridazon, desphenyl-",perfect,green,<,0.01,,,,,,
,0,,0,1,10594,,Butylate,perfect,green,<,0.01,,,,,,
,0,,0,1,10595,,Chlormephos,perfect,green,<,0.01,,,,,,
,0,,0,1,10596,,Cadusafos,perfect,green,<,0.01,,,,,,
,0,,0,1,10597,,Chloroneb,perfect,green,<,0.01,,,,,,
,0,,0,1,10598,,Chlorpropham,perfect,green,<,0.01,,,,,,
,0,,0,1,10599,,Captafol,perfect,green,<,0.01,,,,,,
,0,,0,1,10600,,Chlorpropylate,perfect,green,<,0.01,,,,,,
,0,,0,1,10601,,Captan,perfect,green,<,0.01,,,,,,
,0,,0,1,10602,,Chlorpyrifos-ethyl,perfect,green,<,0.01,,,,,,
,0,,0,1,10603,,Carbaryl,perfect,green,<,0.01,,,,,,
,0,,0,1,10604,,Chlorpyrifos-methyl,perfect,green,<,0.01,,,,,,
,0,,0,1,10605,,Carbendazim,perfect,green,<,0.01,,,,,,
,0,,0,1,10606,,Chlorosulfuron,perfect,green,<,0.01,,,,,,
,0,,0,1,10607,,Carbofuran,perfect,green,<,0.01,,,,,,
,0,,0,1,10608,,Chlorothalodimethyl,perfect,green,<,0.01,,,,,,
,0,,0,1,10609,,"Carbofuran, 3-hydroxy-",perfect,green,<,0.01,,,,,,
,0,,0,1,10610,,Chlorothalonil,perfect,green,<,0.01,,,,,,
,0,,0,1,10611,,Carbophenothione ethyl,perfect,green,<,0.01,,,,,,
,0,,0,1,10613,,Chloride ion,perfect,green,<,0.01,,,,,,
,0,,0,1,10614,,Carbophenothion-methyl,perfect,green,<,0.01,,,,,,
,0,,0,1,10615,,Chlorothiophos,perfect,green,<,0.01,,,,,,
,0,,0,1,10616,,Carbosulfan,perfect,green,<,0.01,,,,,,
,0,,0,1,10617,,Chlorotoluron,perfect,green,<,0.01,,,,,,
,0,,0,1,10618,,Carboxin,perfect,green,<,0.01,,,,,,
,0,,0,1,10619,,Chlozolinate,perfect,green,<,0.01,,,,,,
,0,,0,1,10620,,Carboxyl sulfoxide,perfect,green,<,0.01,,,,,,
,0,,0,1,10621,,Chromafenocide,perfect,green,<,0.01,,,,,,
,0,,0,1,10622,,Chlorantraniliprole,perfect,green,<,0.01,,,,,,
,0,,0,1,10623,,Cinosulfuron,perfect,green,<,0.01,,,,,,
,0,,0,1,10624,,Clethodim,perfect,green,<,0.01,,,,,,
,0,,0,1,10625,,Chlorobenzide,perfect,green,<,0.01,,,,,,
,0,,0,1,10626,,Clethodim sulfone,perfect,green,<,0.01,,,,,,
,0,,0,1,10627,,Chlorobenzilate,perfect,green,<,0.01,,,,,,
,0,,0,1,10632,,Clethodim sulfoxide,perfect,green,<,0.01,,,,,,
,0,,0,1,10633,,Climbazole,perfect,green,<,0.01,,,,,,
,0,,0,1,10634,,Desmedipham,perfect,green,<,0.01,,,,,,
,0,,0,1,10635,,Clofentezine,perfect,green,<,0.01,,,,,,
,0,,0,1,10636,,Clomazone,perfect,green,<,0.01,,,,,,
,0,,0,1,10637,,Desmetryn,perfect,green,<,0.01,,,,,,
,0,,0,1,10638,,Cloquintocet-Mexyl,perfect,green,<,0.01,,,,,,
,0,,0,1,10639,,Diafenthiuron,perfect,green,<,0.01,,,,,,
,0,,0,1,10641,,Dialifos,perfect,green,<,0.01,,,,,,
,0,,0,1,10642,,Coumaphos,perfect,green,<,0.01,,,,,,
,0,,0,1,10643,,Dial,perfect,green,<,0.01,,,,,,
,0,,0,1,10644,,Criminologist,perfect,green,<,0.01,,,,,,
,0,,0,1,10645,,Crotoxyphos,perfect,green,<,0.01,,,,,,
,0,,0,1,10646,,Diazinon,perfect,green,<,0.01,,,,,,
,0,,0,1,10647,,Crufomat,perfect,green,<,0.01,,,,,,
,0,,0,1,10648,,Dicaphthon,perfect,green,<,0.01,,,,,,
,0,,0,1,10649,,Cyanazine,perfect,green,<,0.01,,,,,,
,0,,0,1,10650,,Cyanofenphos,perfect,green,<,0.01,,,,,,
,0,,0,1,10651,,Dichlobenil,perfect,green,<,0.01,,,,,,
,0,,0,1,10652,,Cyanophos,perfect,green,<,0.01,,,,,,
,0,,0,1,10653,,Dichlofenthion,perfect,green,<,0.01,,,,,,
,0,,0,1,10654,,Cyantraniliprole,perfect,green,<,0.01,,,,,,
,0,,0,1,10655,,Dichlofluanid,perfect,green,<,0.01,,,,,,
,0,,0,1,10656,,Cyazofamide,perfect,green,<,0.01,,,,,,
,0,,0,1,10657,,Dichlorobenzamide,perfect,green,<,0.01,,,,,,
,0,,0,1,10658,,Cyclaniliprole,perfect,green,<,0.01,,,,,,
,0,,0,1,10659,,Dichlorvos,perfect,green,<,0.01,,,,,,
,0,,0,1,10660,,Cycloate,perfect,green,<,0.01,,,,,,
,0,,0,1,10661,,Cyenopygraphs,perfect,green,<,0.01,,,,,,
,0,,0,1,10662,,Diclobutrazol,perfect,green,<,0.01,,,,,,
,0,,0,1,10663,,Cyflufenamide,perfect,green,<,0.01,,,,,,
,0,,0,1,10664,,Diclofop-methyl,perfect,green,<,0.01,,,,,,
,0,,0,1,10665,,Cyflumetofen,perfect,green,<,0.01,,,,,,
,0,,0,1,10666,,Dicloran,perfect,green,<,0.01,,,,,,
,0,,0,1,10667,,Cyfluthrin,perfect,green,<,0.01,,,,,,
,0,,0,1,10668,,Dicofol,perfect,green,<,0.01,,,,,,
,0,,0,1,10669,,Cymoxanil,perfect,green,<,0.01,,,,,,
,0,,0,1,10670,,Cypermethrin,perfect,green,<,0.01,,,,,,
,0,,0,1,10671,,Dicrotophos,perfect,green,<,0.01,,,,,,
,0,,0,1,10672,,Cyphenothrin,perfect,green,<,0.01,,,,,,
,0,,0,1,10673,,Didecyldimethylammonium chloride - C10,perfect,green,<,0.01,,,,,,
,0,,0,1,10674,,Cyproconazole,perfect,green,<,0.01,,,,,,
,0,,0,1,10675,,Didecyldimethylammonium chloride - C12,perfect,green,<,0.01,,,,,,
,0,,0,1,10676,,Cyprodinil,perfect,green,<,0.01,,,,,,
,0,,0,1,10677,,Cyprosulfamide,perfect,green,<,0.01,,,,,,
,0,,0,1,10678,,Didecyldimethylammonium chloride - C8,perfect,green,<,0.01,,,,,,
,0,,0,1,10679,,Cyromazine,perfect,green,<,0.01,,,,,,
,0,,0,1,10680,,"DDD-o,p",perfect,green,<,0.01,,,,,,
,0,,0,1,10681,,Dieldrin,perfect,green,<,0.01,,,,,,
,0,,0,1,10682,,"DDD-p,p",perfect,green,<,0.01,,,,,,
,0,,0,1,10683,,Diethofencarb,perfect,green,<,0.01,,,,,,
,0,,0,1,10684,,"DDE-o,p",perfect,green,<,0.01,,,,,,
,0,,0,1,10685,,Diethyltoluamide,perfect,green,<,0.01,,,,,,
,0,,0,1,10686,,"DDE-p,p",perfect,green,<,0.01,,,,,,
,0,,0,1,10687,,"DDT-o,p",perfect,green,<,0.01,,,,,,
,0,,0,1,10688,,Difenacoum,perfect,green,<,0.01,,,,,,
,0,,0,1,10690,,Difenoconazole,perfect,green,<,0.01,,,,,,
,0,,0,1,10691,,Deltamethrin,perfect,green,<,0.01,,,,,,
,0,,0,1,10692,,Difenoxuron,perfect,green,<,0.01,,,,,,
,0,,0,1,10693,,Demeton-S-Methyl,perfect,green,<,0.01,,,,,,
,0,,0,1,10694,,Diflovidazine,perfect,green,<,0.01,,,,,,
,0,,0,1,10695,,Demeton-S-methylsulfone,perfect,green,<,0.01,,,,,,
,0,,0,1,10699,,Diflubenzuron,perfect,green,<,0.01,,,,,,
,0,,0,1,10700,,Diflufenican,perfect,green,<,0.01,,,,,,
,0,,0,1,10701,,Endosulfan sulphate,perfect,green,<,0.01,,,,,,
,0,,0,1,10702,,Dimefox,perfect,green,<,0.01,,,,,,
,0,,0,1,10703,,Endrin,perfect,green,<,0.01,,,,,,
,0,,0,1,10704,,Dimefuron,perfect,green,<,0.01,,,,,,
,0,,0,1,10705,,"Endrin, Keto",perfect,green,<,0.01,,,,,,
,0,,0,1,10706,,Dimethenamide,perfect,green,<,0.01,,,,,,
,0,,0,1,10707,,Epoxiconazole,perfect,green,<,0.01,,,,,,
,0,,0,1,10708,,Dimethoate,perfect,green,<,0.01,,,,,,
,0,,0,1,10709,,Etaconazole,perfect,green,<,0.01,,,,,,
,0,,0,1,10710,,Dimethomorphs,perfect,green,<,0.01,,,,,,
,0,,0,1,10711,,Ethalfluralin,perfect,green,<,0.01,,,,,,
,0,,0,1,10712,,Dimethylaminosulfotoluidide,perfect,green,<,0.01,,,,,,
,0,,0,1,10713,,Ethiofencarb,perfect,green,<,0.01,,,,,,
,0,,0,1,10714,,Ethion,perfect,green,<,0.01,,,,,,
,0,,0,1,10715,,"Dimethylphenylformamide, 2,4",perfect,green,<,0.01,,,,,,
,0,,0,1,10716,,Ethiprol,perfect,green,<,0.01,,,,,,
,0,,0,1,10717,,Ethirimol,perfect,green,<,0.01,,,,,,
,0,,0,1,10718,,"Dimethylphenylmethylformamidine, 2,4",perfect,green,<,0.01,,,,,,
,0,,0,1,10719,,Ethofumesate,perfect,green,<,0.01,,,,,,
,0,,0,1,10720,,"Ethofumesate, 2-keto/open ring 2-keto",perfect,green,<,0.01,,,,,,
,0,,0,1,10721,,Dimethylvinphos,perfect,green,<,0.01,,,,,,
,0,,0,1,10722,,Ethoprophos,perfect,green,<,0.01,,,,,,
,0,,0,1,10723,,Dimetilan,perfect,green,<,0.01,,,,,,
,0,,0,1,10724,,Ethoxyquin,perfect,green,<,0.01,,,,,,
,0,,0,1,10725,,Dimoxystrobin,perfect,green,<,0.01,,,,,,
,0,,0,1,10726,,Ethoxyquin dimer,perfect,green,<,0.01,,,,,,
,0,,0,1,10727,,Diniconazole,perfect,green,<,0.01,,,,,,
,0,,0,1,10728,,Etofenprox,perfect,green,<,0.01,,,,,,
,0,,0,1,10729,,Dinitramine,perfect,green,<,0.01,,,,,,
,0,,0,1,10730,,Etoxazole,perfect,green,<,0.01,,,,,,
,0,,0,1,10731,,Dinocap,perfect,green,<,0.01,,,,,,
,0,,0,1,10732,,Etridiazole,perfect,green,<,0.01,,,,,,
,0,,0,1,10733,,Dinotefuran,perfect,green,<,0.01,,,,,,
,0,,0,1,10734,,Etrimfos,perfect,green,<,0.01,,,,,,
,0,,0,1,10735,,Dioxabenzophos,perfect,green,<,0.01,,,,,,
,0,,0,1,10736,,FM-6-1,perfect,green,<,0.01,,,,,,
,0,,0,1,10737,,Dioxacarb,perfect,green,<,0.01,,,,,,
,0,,0,1,10738,,Famophos,perfect,green,<,0.01,,,,,,
,0,,0,1,10739,,Dioxathion,perfect,green,<,0.01,,,,,,
,0,,0,1,10740,,Diphenamide,perfect,green,<,0.01,,,,,,
,0,,0,1,10741,,Famoxadone,perfect,green,<,0.01,,,,,,
,0,,0,1,10742,,Diphenylamine,perfect,green,<,0.01,,,,,,
,0,,0,1,10743,,Fenamidone,perfect,green,<,0.01,,,,,,
,0,,0,1,10744,,Dipropetry,perfect,green,<,0.01,,,,,,
,0,,0,1,10745,,Fenamiphos,perfect,green,<,0.01,,,,,,
,0,,0,1,10746,,Disulfoton,perfect,green,<,0.01,,,,,,
,0,,0,1,10747,,Fenamiphos sulfone,perfect,green,<,0.01,,,,,,
,0,,0,1,10748,,Disulfoton sulfone,perfect,green,<,0.01,,,,,,
,0,,0,1,10749,,Fenamiphos sulfoxide,perfect,green,<,0.01,,,,,,
,0,,0,1,10750,,Disulfoton sulfoxide,perfect,green,<,0.01,,,,,,
,0,,0,1,10751,,Fenarimol,perfect,green,<,0.01,,,,,,
,0,,0,1,10752,,Ditalimfos,perfect,green,<,0.01,,,,,,
,0,,0,1,10753,,Fenazaquin,perfect,green,<,0.01,,,,,,
,0,,0,1,10754,,Diuron,perfect,green,<,0.01,,,,,,
,0,,0,1,10755,,Fenbuconazole,perfect,green,<,0.01,,,,,,
,0,,0,1,10756,,Dodemorph,perfect,green,<,0.01,,,,,,
,0,,0,1,10757,,Fenbutatin oxide,perfect,green,<,0.01,,,,,,
,0,,0,1,10758,,Dodin,perfect,green,<,0.01,,,,,,
,0,,0,1,10759,,Fenchlorphos,perfect,green,<,0.01,,,,,,
,0,,0,1,10760,,EPN,perfect,green,<,0.01,,,,,,
,0,,0,1,10761,,EPTC,perfect,green,<,0.01,,,,,,
,0,,0,1,10762,,Fenchlorphos-oxone,perfect,green,<,0.01,,,,,,
,0,,0,1,10763,,Fenfluthrin,perfect,green,<,0.01,,,,,,
,0,,0,1,10764,,Edifenphos,perfect,green,<,0.01,,,,,,
,0,,0,1,10765,,Fenhexamide,perfect,green,<,0.01,,,,,,
,0,,0,1,10766,,Emamectin benzoate B1a,perfect,green,<,0.01,,,,,,
,0,,0,1,10767,,Fenitrothion,perfect,green,<,0.01,,,,,,
,0,,0,1,10768,,Endosulfan-alpha,perfect,green,<,0.01,,,,,,
,0,,0,1,10773,,Endosulfan-beta,perfect,green,<,0.01,,,,,,
,0,,0,1,10774,,Fenobucarb,perfect,green,<,0.01,,,,,,
,0,,0,1,10775,,Fenoxaprop-P-Ethyl,perfect,green,<,0.01,,,,,,
,0,,0,1,10776,,Flumioxazine,perfect,green,<,0.01,,,,,,
,0,,0,1,10777,,Fenoxycarb,perfect,green,<,0.01,,,,,,
,0,,0,1,10778,,Fluometuron,perfect,green,<,0.01,,,,,,
,0,,0,1,10779,,Fenpiclonil,perfect,green,<,0.01,,,,,,
,0,,0,1,10780,,Fluopicolide,perfect,green,<,0.01,,,,,,
,0,,0,1,10781,,Fenpicoxamide,perfect,green,<,0.01,,,,,,
,0,,0,1,10782,,Fluopyram,perfect,green,<,0.01,,,,,,
,0,,0,1,10783,,Fenpropathrin,perfect,green,<,0.01,,,,,,
,0,,0,1,10784,,Fluorodifen,perfect,green,<,0.01,,,,,,
,0,,0,1,10785,,Fenpropidin,perfect,green,<,0.01,,,,,,
,0,,0,1,10786,,Fluoroglycofen-ethyl,perfect,green,<,0.01,,,,,,
,0,,0,1,10787,,Fenpropimorph,perfect,green,<,0.01,,,,,,
,0,,0,1,10788,,Fluotrimazole,perfect,green,<,0.01,,,,,,
,0,,0,1,10789,,Fenpyrazamine,perfect,green,<,0.01,,,,,,
,0,,0,1,10790,,Fluoxastrobin,perfect,green,<,0.01,,,,,,
,0,,0,1,10791,,Fenpyroximate,perfect,green,<,0.01,,,,,,
,0,,0,1,10792,,Flupyradifurone,perfect,green,<,0.01,,,,,,
,0,,0,1,10793,,Fenson,perfect,green,<,0.01,,,,,,
,0,,0,1,10794,,Fluquinconazole,perfect,green,<,0.01,,,,,,
,0,,0,1,10795,,Flurenol butyl,perfect,green,<,0.01,,,,,,
,0,,0,1,10796,,Fensulfothion,perfect,green,<,0.01,,,,,,
,0,,0,1,10797,,Flurenol-methyl,perfect,green,<,0.01,,,,,,
,0,,0,1,10798,,Fenthion,perfect,green,<,0.01,,,,,,
,0,,0,1,10799,,Flurochloridone,perfect,green,<,0.01,,,,,,
,0,,0,1,10800,,Fenthion oxon,perfect,green,<,0.01,,,,,,
,0,,0,1,10801,,Fluroxypyr-1-methylheptyl,perfect,green,<,0.01,,,,,,
,0,,0,1,10802,,Fenthion oxon sulfone,perfect,green,<,0.01,,,,,,
,0,,0,1,10803,,Flurprimidol,perfect,green,<,0.01,,,,,,
,0,,0,1,10804,,Fenthion oxon sulfoxide,perfect,green,<,0.01,,,,,,
,0,,0,1,10805,,Flusilazole,perfect,green,<,0.01,,,,,,
,0,,0,1,10806,,Fenthion sulfone,perfect,green,<,0.01,,,,,,
,0,,0,1,10807,,Fluthiacet methyl,perfect,green,<,0.01,,,,,,
,0,,0,1,10808,,Fenthion sulfoxide,perfect,green,<,0.01,,,,,,
,0,,0,1,10809,,Flutolanil,perfect,green,<,0.01,,,,,,
,0,,0,1,10810,,Fenuron,perfect,green,<,0.01,,,,,,
,0,,0,1,10811,,Flutriafol,perfect,green,<,0.01,,,,,,
,0,,0,1,10813,,Fluxametamide,perfect,green,<,0.01,,,,,,
,0,,0,1,10814,,Fluxapyroxad,perfect,green,<,0.01,,,,,,
,0,,0,1,10815,,Fipronil,perfect,green,<,0.01,,,,,,
,0,,0,1,10816,,Folpet,perfect,green,<,0.01,,,,,,
,0,,0,1,10817,,Fipronil sulphide,perfect,green,<,0.01,,,,,,
,0,,0,1,10818,,Fonophos,perfect,green,<,0.01,,,,,,
,0,,0,1,10819,,Fipronil sulfone,perfect,green,<,0.01,,,,,,
,0,,0,1,10820,,Foramsulfuron,perfect,green,<,0.01,,,,,,
,0,,0,1,10821,,Forchlorfenuron,perfect,green,<,0.01,,,,,,
,0,,0,1,10822,,Flamprop-Methyl,perfect,green,<,0.01,,,,,,
,0,,0,1,10823,,Formetanate,perfect,green,<,0.01,,,,,,
,0,,0,1,10824,,Flazasulfuron,perfect,green,<,0.01,,,,,,
,0,,0,1,10825,,Formothion,perfect,green,<,0.01,,,,,,
,0,,0,1,10826,,Florasulam,perfect,green,<,0.01,,,,,,
,0,,0,1,10827,,Fosthiazate,perfect,green,<,0.01,,,,,,
,0,,0,1,10828,,Fluazifop-P-butyl,perfect,green,<,0.01,,,,,,
,0,,0,1,10829,,Fuberidazole,perfect,green,<,0.01,,,,,,
,0,,0,1,10830,,Fluazinam,perfect,green,<,0.01,,,,,,
,0,,0,1,10831,,Furalaxyl,perfect,green,<,0.01,,,,,,
,0,,0,1,10832,,Fluazuron,perfect,green,<,0.01,,,,,,
,0,,0,1,10833,,Furathiocarb,perfect,green,<,0.01,,,,,,
,0,,0,1,10834,,Flubendiamide,perfect,green,<,0.01,,,,,,
,0,,0,1,10835,,Genit,perfect,green,<,0.01,,,,,,
,0,,0,1,10836,,Fluchloralin,perfect,green,<,0.01,,,,,,
,0,,0,1,10837,,HCH-alpha,perfect,green,<,0.01,,,,,,
,0,,0,1,10838,,Flucythrinate,perfect,green,<,0.01,,,,,,
,0,,0,1,10839,,Fludioxonil,perfect,green,<,0.01,,,,,,
,0,,0,1,10840,,HCH-beta,perfect,green,<,0.01,,,,,,
,0,,0,1,10841,,Flufenacet,perfect,green,<,0.01,,,,,,
,0,,0,1,10842,,Flufenacet oxalate,perfect,green,<,0.01,,,,,,
,0,,0,1,10843,,Halfenprox,perfect,green,<,0.01,,,,,,
,0,,0,1,10844,,Flufenoxuron,perfect,green,<,0.01,,,,,,
,0,,0,1,10849,,Flumetralin,perfect,green,<,0.01,,,,,,
,0,,0,1,10850,,Halosulfuron-methyl,perfect,green,<,0.01,,,,,,
,0,,0,1,10851,,Haloxyfop-2-ethoxyethyl,perfect,green,<,0.01,,,,,,
,0,,0,1,10852,,Isofenphos-ethyl,perfect,green,<,0.01,,,,,,
,0,,0,1,10853,,Haloxyfop-methyl,perfect,green,<,0.01,,,,,,
,0,,0,1,10854,,Heptachlor,perfect,green,<,0.01,,,,,,
,0,,0,1,10855,,Isofenphos-methyl,perfect,green,<,0.01,,,,,,
,0,,0,1,10856,,Isofetamide,perfect,green,<,0.01,,,,,,
,0,,0,1,10857,,"Heptachlor epoxide, cis",perfect,green,<,0.01,,,,,,
,0,,0,1,10858,,Isoprocarb,perfect,green,<,0.01,,,,,,
,0,,0,1,10859,,"Heptachlor epoxide, trans",perfect,green,<,0.01,,,,,,
,0,,0,1,10860,,Isopropalin,perfect,green,<,0.01,,,,,,
,0,,0,1,10861,,Isoprothiolane,perfect,green,<,0.01,,,,,,
,0,,0,1,10862,,Heptenophos,perfect,green,<,0.01,,,,,,
,0,,0,1,10863,,Isoproturon,perfect,green,<,0.01,,,,,,
,0,,0,1,10864,,Hexachlorobenzene,perfect,green,<,0.01,,,,,,
,0,,0,1,10865,,Isopyrazam,perfect,green,<,0.01,,,,,,
,0,,0,1,10866,,Isoxaben,perfect,green,<,0.01,,,,,,
,0,,0,1,10867,,Hexaconazole,perfect,green,<,0.01,,,,,,
,0,,0,1,10868,,Isoxadifen ethyl,perfect,green,<,0.01,,,,,,
,0,,0,1,10869,,Hexaflumuron,perfect,green,<,0.01,,,,,,
,0,,0,1,10870,,Isoxaflutole,perfect,green,<,0.01,,,,,,
,0,,0,1,10871,,Hexazinone,perfect,green,<,0.01,,,,,,
,0,,0,1,10872,,"Isoxaflutole, diketonitrile-",perfect,green,<,0.01,,,,,,
,0,,0,1,10874,,Isoxathione,perfect,green,<,0.01,,,,,,
,0,,0,1,10875,,Icaridine,perfect,green,<,0.01,,,,,,
,0,,0,1,10876,,Ivermectin,perfect,green,<,0.01,,,,,,
,0,,0,1,10877,,Karanjin,perfect,green,<,0.01,,,,,,
,0,,0,1,10878,,Imazalil,perfect,green,<,0.01,,,,,,
,0,,0,1,10879,,Kresoxim-methyl,perfect,green,<,0.01,,,,,,
,0,,0,1,10880,,Lactofen,perfect,green,<,0.01,,,,,,
,0,,0,1,10881,,Imibenconazole,perfect,green,<,0.01,,,,,,
,0,,0,1,10882,,Lambda-cyhalothrin,perfect,green,<,0.01,,,,,,
,0,,0,1,10883,,Imidacloprid,perfect,green,<,0.01,,,,,,
,0,,0,1,10884,,Imidaclothiz,perfect,green,<,0.01,,,,,,
,0,,0,1,10885,,Lenacil,perfect,green,<,0.01,,,,,,
,0,,0,1,10886,,Indaziflam,perfect,green,<,0.01,,,,,,
,0,,0,1,10887,,Leptophos,perfect,green,<,0.01,,,,,,
,0,,0,1,10888,,Indoxacarb,perfect,green,<,0.01,,,,,,
,0,,0,1,10889,,Lindane (HCH-gamma),perfect,green,<,0.01,,,,,,
,0,,0,1,10890,,Inpyrfluxam,perfect,green,<,0.01,,,,,,
,0,,0,1,10891,,Iodine fenphos,perfect,green,<,0.01,,,,,,
,0,,0,1,10892,,Linuron,perfect,green,<,0.01,,,,,,
,0,,0,1,10893,,Lufenuron,perfect,green,<,0.01,,,,,,
,0,,0,1,10894,,Ioxynil,perfect,green,<,0.01,,,,,,
,0,,0,1,10895,,MGK-264,perfect,green,<,0.01,,,,,,
,0,,0,1,10896,,Ipconazole,perfect,green,<,0.01,,,,,,
,0,,0,1,10897,,Iprobenphos,perfect,green,<,0.01,,,,,,
,0,,0,1,10898,,Malaoxon,perfect,green,<,0.01,,,,,,
,0,,0,1,10899,,Malathion,perfect,green,<,0.01,,,,,,
,0,,0,1,10900,,Iprodione,perfect,green,<,0.01,,,,,,
,0,,0,1,10901,,Mandestrobin,perfect,green,<,0.01,,,,,,
,0,,0,1,10902,,Iprovalicarb,perfect,green,<,0.01,,,,,,
,0,,0,1,10903,,Mandipropamide,perfect,green,<,0.01,,,,,,
,0,,0,1,10904,,Isazofos,perfect,green,<,0.01,,,,,,
,0,,0,1,10905,,"Matrine, qualitative",perfect,green,<,0.01,,,,,,
,0,,0,1,10906,,Isobenzan,perfect,green,<,0.01,,,,,,
,0,,0,1,10907,,Mecarbam,perfect,green,<,0.01,,,,,,
,0,,0,1,10908,,Mefenpyr diethyl,perfect,green,<,0.01,,,,,,
,0,,0,1,10909,,Isocarbophos,perfect,green,<,0.01,,,,,,
,0,,0,1,10910,,Mefentrifluconazole,perfect,green,<,0.01,,,,,,
,0,,0,1,10915,,Isodrin,perfect,green,<,0.01,,,,,,
,0,,0,1,10916,,Mepanipyrim,perfect,green,<,0.01,,,,,,
,0,,0,1,10917,,Mephosfolan,perfect,green,<,0.01,,,,,,
,0,,0,1,10918,,Monocrotophos,perfect,green,<,0.01,,,,,,
,0,,0,1,10919,,Mepronil,perfect,green,<,0.01,,,,,,
,0,,0,1,10920,,Monolinuron,perfect,green,<,0.01,,,,,,
,0,,0,1,10921,,Meptyldinocap,perfect,green,<,0.01,,,,,,
,0,,0,1,10922,,Monuron,perfect,green,<,0.01,,,,,,
,0,,0,1,10923,,Mesosulfuron-methyl,perfect,green,<,0.01,,,,,,
,0,,0,1,10924,,Morphothion,perfect,green,<,0.01,,,,,,
,0,,0,1,10925,,Metaflumi zone,perfect,green,<,0.01,,,,,,
,0,,0,1,10926,,Myclobutanil,perfect,green,<,0.01,,,,,,
,0,,0,1,10927,,Metalaxyl/Metalaxyl-M,perfect,green,<,0.01,,,,,,
,0,,0,1,10928,,Napropamide,perfect,green,<,0.01,,,,,,
,0,,0,1,10929,,Metamitron,perfect,green,<,0.01,,,,,,
,0,,0,1,10930,,Neburon,perfect,green,<,0.01,,,,,,
,0,,0,1,10931,,Metazachlor,perfect,green,<,0.01,,,,,,
,0,,0,1,10932,,Nitenpyram,perfect,green,<,0.01,,,,,,
,0,,0,1,10933,,Metconazole,perfect,green,<,0.01,,,,,,
,0,,0,1,10934,,Nitralin,perfect,green,<,0.01,,,,,,
,0,,0,1,10935,,Methabenzthiazuron,perfect,green,<,0.01,,,,,,
,0,,0,1,10936,,Nitrapyrin,perfect,green,<,0.01,,,,,,
,0,,0,1,10937,,Methacrifos,perfect,green,<,0.01,,,,,,
,0,,0,1,10938,,Nitrofen,perfect,green,<,0.01,,,,,,
,0,,0,1,10939,,Methamidophos,perfect,green,<,0.01,,,,,,
,0,,0,1,10940,,Nitrothal Isopropyl,perfect,green,<,0.01,,,,,,
,0,,0,1,10941,,Methidathion,perfect,green,<,0.01,,,,,,
,0,,0,1,10942,,Non-chlorine,perfect,green,<,0.01,,,,,,
,0,,0,1,10943,,Methiocarb,perfect,green,<,0.01,,,,,,
,0,,0,1,10944,,Norflurazon,perfect,green,<,0.01,,,,,,
,0,,0,1,10945,,Methiocarb sulfone,perfect,green,<,0.01,,,,,,
,0,,0,1,10946,,Novaluron,perfect,green,<,0.01,,,,,,
,0,,0,1,10947,,Methiocarb sulfoxide,perfect,green,<,0.01,,,,,,
,0,,0,1,10948,,Nuarimol,perfect,green,<,0.01,,,,,,
,0,,0,1,10949,,Methomyl,perfect,green,<,0.01,,,,,,
,0,,0,1,10950,,Octachlorostyrene,perfect,green,<,0.01,,,,,,
,0,,0,1,10951,,Methoprotryne,perfect,green,<,0.01,,,,,,
,0,,0,1,10952,,Ofurace,perfect,green,<,0.01,,,,,,
,0,,0,1,10953,,Methothrin,perfect,green,<,0.01,,,,,,
,0,,0,1,10954,,Omethoat,perfect,green,<,0.01,,,,,,
,0,,0,1,10955,,Methoxychlorine,perfect,green,<,0.01,,,,,,
,0,,0,1,10956,,Oxadiazone,perfect,green,<,0.01,,,,,,
,0,,0,1,10957,,Oxadixyl,perfect,green,<,0.01,,,,,,
,0,,0,1,10958,,Methoxyfenocide,perfect,green,<,0.01,,,,,,
,0,,0,1,10959,,Oxamyl,perfect,green,<,0.01,,,,,,
,0,,0,1,10960,,Metobromuron,perfect,green,<,0.01,,,,,,
,0,,0,1,10961,,Oxathiapiproline,perfect,green,<,0.01,,,,,,
,0,,0,1,10962,,Metolachlor/S-metolachlor,perfect,green,<,0.01,,,,,,
,0,,0,1,10963,,Oxycarboxin,perfect,green,<,0.01,,,,,,
,0,,0,1,10964,,Metolcarb,perfect,green,<,0.01,,,,,,
,0,,0,1,10965,,Oxydemeton-methyl,perfect,green,<,0.01,,,,,,
,0,,0,1,10966,,Metosulam,perfect,green,<,0.01,,,,,,
,0,,0,1,10967,,Metoxuron,perfect,green,<,0.01,,,,,,
,0,,0,1,10968,,Oxyfluorfen,perfect,green,<,0.01,,,,,,
,0,,0,1,10969,,Metrafenone,perfect,green,<,0.01,,,,,,
,0,,0,1,10970,,Paclobutrazol,perfect,green,<,0.01,,,,,,
,0,,0,1,10971,,Metribuzin,perfect,green,<,0.01,,,,,,
,0,,0,1,10972,,Paraoxone ethyl,perfect,green,<,0.01,,,,,,
,0,,0,1,10973,,Metsulfuron-methyl,perfect,green,<,0.01,,,,,,
,0,,0,1,10974,,Mevinphos,perfect,green,<,0.01,,,,,,
,0,,0,1,10975,,Paraoxon-methyl,perfect,green,<,0.01,,,,,,
,0,,0,1,10976,,Milbemectin-A3,perfect,green,<,0.01,,,,,,
,0,,0,1,10977,,Parathion ethyl,perfect,green,<,0.01,,,,,,
,0,,0,1,10978,,Milbemectin-A4,perfect,green,<,0.01,,,,,,
,0,,0,1,10979,,Mirex,perfect,green,<,0.01,,,,,,
,0,,0,1,10980,,Parathion-methyl,perfect,green,<,0.01,,,,,,
,0,,0,1,10981,,Molinates,perfect,green,<,0.01,,,,,,
,0,,0,1,10986,,Monalid,perfect,green,<,0.01,,,,,,
,0,,0,1,10987,,Pebulat,perfect,green,<,0.01,,,,,,
,0,,0,1,10988,,Penconazole,perfect,green,<,0.01,,,,,,
,0,,0,1,10989,,Pirimicarb,perfect,green,<,0.01,,,,,,
,0,,0,1,10990,,Pencycuron,perfect,green,<,0.01,,,,,,
,0,,0,1,10991,,Pirimiphos ethyl,perfect,green,<,0.01,,,,,,
,0,,0,1,10992,,Pencycuron-PB-amine,perfect,green,<,0.01,,,,,,
,0,,0,1,10993,,Pirimiphos-methyl,perfect,green,<,0.01,,,,,,
,0,,0,1,10994,,Pendimethalin,perfect,green,<,0.01,,,,,,
,0,,0,1,10995,,Plifenat,perfect,green,<,0.01,,,,,,
,0,,0,1,10996,,Penflufen,perfect,green,<,0.01,,,,,,
,0,,0,1,10997,,Prallethrin,perfect,green,<,0.01,,,,,,
,0,,0,1,10998,,Pentachloroaniline,perfect,green,<,0.01,,,,,,
,0,,0,1,10999,,Pentachloroanisole,perfect,green,<,0.01,,,,,,
,0,,0,1,11000,,Pretilachlor,perfect,green,<,0.01,,,,,,
,0,,0,1,11001,,Pentachlorobenzene,perfect,green,<,0.01,,,,,,
,0,,0,1,11002,,Primisulfuron-methyl,perfect,green,<,0.01,,,,,,
,0,,0,1,11003,,Pentachlorobenzonitrile,perfect,green,<,0.01,,,,,,
,0,,0,1,11004,,Prochloraz,perfect,green,<,0.01,,,,,,
,0,,0,1,11005,,Pentachlorothioanisole,perfect,green,<,0.01,,,,,,
,0,,0,1,11006,,Procymidone,perfect,green,<,0.01,,,,,,
,0,,0,1,11007,,Profenofos,perfect,green,<,0.01,,,,,,
,0,,0,1,11008,,Penthiopy wheel,perfect,green,<,0.01,,,,,,
,0,,0,1,11009,,Profluralin,perfect,green,<,0.01,,,,,,
,0,,0,1,11010,,Permethrin,perfect,green,<,0.01,,,,,,
,0,,0,1,11011,,Promecarb,perfect,green,<,0.01,,,,,,
,0,,0,1,11012,,Perthan,perfect,green,<,0.01,,,,,,
,0,,0,1,11013,,Prometryn,perfect,green,<,0.01,,,,,,
,0,,0,1,11014,,Pethoxamide,perfect,green,<,0.01,,,,,,
,0,,0,1,11015,,Propamocarb,perfect,green,<,0.01,,,,,,
,0,,0,1,11016,,Phenkapton,perfect,green,<,0.01,,,,,,
,0,,0,1,11017,,Propanil,perfect,green,<,0.01,,,,,,
,0,,0,1,11018,,Phenmedipham,perfect,green,<,0.01,,,,,,
,0,,0,1,11019,,Propaphos,perfect,green,<,0.01,,,,,,
,0,,0,1,11020,,Phenothrin,perfect,green,<,0.01,,,,,,
,0,,0,1,11021,,Propaquizafop,perfect,green,<,0.01,,,,,,
,0,,0,1,11022,,Phenthoate,perfect,green,<,0.01,,,,,,
,0,,0,1,11023,,Propargite,perfect,green,<,0.01,,,,,,
,0,,0,1,11024,,Propazine,perfect,green,<,0.01,,,,,,
,0,,0,1,11025,,"Phenylphenol, ortho",perfect,green,<,0.01,,,,,,
,0,,0,1,11026,,Propetamphos,perfect,green,<,0.01,,,,,,
,0,,0,1,11027,,Propham,perfect,green,<,0.01,,,,,,
,0,,0,1,11028,,Phorate,perfect,green,<,0.01,,,,,,
,0,,0,1,11029,,Phorate oxone,perfect,green,<,0.01,,,,,,
,0,,0,1,11030,,Propiconazole,perfect,green,<,0.01,,,,,,
,0,,0,1,11031,,Phorate oxon sulfone,perfect,green,<,0.01,,,,,,
,0,,0,1,11032,,Propisochlorine,perfect,green,<,0.01,,,,,,
,0,,0,1,11033,,Phorate sulfone,perfect,green,<,0.01,,,,,,
,0,,0,1,11034,,Propoxur,perfect,green,<,0.01,,,,,,
,0,,0,1,11035,,Phosalon,perfect,green,<,0.01,,,,,,
,0,,0,1,11036,,Propoxycarbazone,perfect,green,<,0.01,,,,,,
,0,,0,1,11037,,Phosfolan,perfect,green,<,0.01,,,,,,
,0,,0,1,11038,,"Propoxycarbazone, 2-hydroxy",perfect,green,<,0.01,,,,,,
,0,,0,1,11039,,Phosmet,perfect,green,<,0.01,,,,,,
,0,,0,1,11040,,Propyzamide,perfect,green,<,0.01,,,,,,
,0,,0,1,11041,,Proquinazid,perfect,green,<,0.01,,,,,,
,0,,0,1,11042,,Phosmet-Oxon,perfect,green,<,0.01,,,,,,
,0,,0,1,11043,,Phosphamidon,perfect,green,<,0.01,,,,,,
,0,,0,1,11044,,Prosulfocarb,perfect,green,<,0.01,,,,,,
,0,,0,1,11045,,Phoxim,perfect,green,<,0.01,,,,,,
,0,,0,1,11047,,Picolinfen,perfect,green,<,0.01,,,,,,
,0,,0,1,11049,,Picoxystrobin,perfect,green,<,0.01,,,,,,
,0,,0,1,11050,,Prothiofos,perfect,green,<,0.01,,,,,,
,0,,0,1,11051,,Piperonyl butoxide,perfect,green,<,0.01,,,,,,
,0,,0,1,11052,,Prothoat,perfect,green,<,0.01,,,,,,
,0,,0,1,11053,,Pydiflumetofen,perfect,green,<,0.01,,,,,,
,0,,0,1,11058,,Piperophos,perfect,green,<,0.01,,,,,,
,0,,0,1,11059,,Pyflubumide,perfect,green,<,0.01,,,,,,
,0,,0,1,11060,,"Pyflubumide, -des(2-methyl-1oxopropyl)",perfect,green,<,0.01,,,,,,
,0,,0,1,11061,,Silafluofen,perfect,green,<,0.01,,,,,,
,0,,0,1,11062,,Pymetrozine,perfect,green,<,0.01,,,,,,
,0,,0,1,11063,,Pyraclofos,perfect,green,<,0.01,,,,,,
,0,,0,1,11064,,Silthiofam,perfect,green,<,0.01,,,,,,
,0,,0,1,11065,,Pyraclostrobin,perfect,green,<,0.01,,,,,,
,0,,0,1,11066,,Simazine,perfect,green,<,0.01,,,,,,
,0,,0,1,11067,,Pyraflufen ethyl,perfect,green,<,0.01,,,,,,
,0,,0,1,11068,,Simeconazole,perfect,green,<,0.01,,,,,,
,0,,0,1,11069,,Pyrazophos,perfect,green,<,0.01,,,,,,
,0,,0,1,11070,,Spinetoram,perfect,green,<,0.01,,,,,,
,0,,0,1,11071,,Spinosad,perfect,green,<,0.01,,,,,,
,0,,0,1,11072,,Pyridaben,perfect,green,<,0.01,,,,,,
,0,,0,1,11073,,Pyridafol,perfect,green,<,0.01,,,,,,
,0,,0,1,11074,,Spirodiclofen,perfect,green,<,0.01,,,,,,
,0,,0,1,11075,,Spiromesifen,perfect,green,<,0.01,,,,,,
,0,,0,1,11076,,Pyridalyl,perfect,green,<,0.01,,,,,,
,0,,0,1,11077,,Spirotetramat,perfect,green,<,0.01,,,,,,
,0,,0,1,11078,,Pyridaphenthione,perfect,green,<,0.01,,,,,,
,0,,0,1,11079,,"Spirotetramat, -enol",perfect,green,<,0.01,,,,,,
,0,,0,1,11080,,Pyridate,perfect,green,<,0.01,,,,,,
,0,,0,1,11081,,Pyrifenox,perfect,green,<,0.01,,,,,,
,0,,0,1,11082,,"Spirotetramat, -ketohydroxy",perfect,green,<,0.01,,,,,,
,0,,0,1,11083,,Pyrifluquinazone,perfect,green,<,0.01,,,,,,
,0,,0,1,11084,,"Spirotetramat, -monohydroxy",perfect,green,<,0.01,,,,,,
,0,,0,1,11085,,Pyrimethanil,perfect,green,<,0.01,,,,,,
,0,,0,1,11086,,Spiroxamine,perfect,green,<,0.01,,,,,,
,0,,0,1,11087,,Pyrimidifen,perfect,green,<,0.01,,,,,,
,0,,0,1,11088,,Sulfallat,perfect,green,<,0.01,,,,,,
,0,,0,1,11089,,Pyrimidate,perfect,green,<,0.01,,,,,,
,0,,0,1,11090,,Sulfentrazone,perfect,green,<,0.01,,,,,,
,0,,0,1,11091,,Pyriproxyfen,perfect,green,<,0.01,,,,,,
,0,,0,1,11092,,Sulfosulfuron,perfect,green,<,0.01,,,,,,
,0,,0,1,11093,,Pyroxsulam,perfect,green,<,0.01,,,,,,
,0,,0,1,11094,,Sulfotep,perfect,green,<,0.01,,,,,,
,0,,0,1,11095,,Quinalphos,perfect,green,<,0.01,,,,,,
,0,,0,1,11096,,Sulfoxaflor,perfect,green,<,0.01,,,,,,
,0,,0,1,11097,,Quinoclamine,perfect,green,<,0.01,,,,,,
,0,,0,1,11098,,Sulprofos,perfect,green,<,0.01,,,,,,
,0,,0,1,11099,,Quinoxyfen,perfect,green,<,0.01,,,,,,
,0,,0,1,11100,,TEPP,perfect,green,<,0.01,,,,,,
,0,,0,1,11101,,Quintozene,perfect,green,<,0.01,,,,,,
,0,,0,1,11103,,Quizalofop ethyl,perfect,green,<,0.01,,,,,,
,0,,0,1,11104,,Tebuconazole,perfect,green,<,0.01,,,,,,
,0,,0,1,11105,,Quizalofop-P-Tefuryl,perfect,green,<,0.01,,,,,,
,0,,0,1,11106,,Tebufenocide,perfect,green,<,0.01,,,,,,
,0,,0,1,11107,,Tebufenpyrad,perfect,green,<,0.01,,,,,,
,0,,0,1,11108,,Tebupirimfos,perfect,green,<,0.01,,,,,,
,0,,0,1,11109,,Rimsulfuron,perfect,green,<,0.01,,,,,,
,0,,0,1,11110,,Tebutam,perfect,green,<,0.01,,,,,,
,0,,0,1,11111,,rotenone,perfect,green,<,0.01,,,,,,
,0,,0,1,11112,,Tebuthiuron,perfect,green,<,0.01,,,,,,
,0,,0,1,11113,,Tecnazen,perfect,green,<,0.01,,,,,,
,0,,0,1,11114,,S-421,perfect,green,<,0.01,,,,,,
,0,,0,1,11115,,Teflubenzuron,perfect,green,<,0.01,,,,,,
,0,,0,1,11116,,Sebutylazine,perfect,green,<,0.01,,,,,,
,0,,0,1,11117,,Tefluthrin,perfect,green,<,0.01,,,,,,
,0,,0,1,11118,,Sedaxan,perfect,green,<,0.01,,,,,,
,0,,0,1,11119,,Tepraloxydim,perfect,green,<,0.01,,,,,,
,0,,0,1,11120,,Sethoxydim,perfect,green,<,0.01,,,,,,
,0,,0,1,11121,,Terbacil,perfect,green,<,0.01,,,,,,
,0,,0,1,11125,,Terbufos,perfect,green,<,0.01,,,,,,
,0,,0,1,11126,,Terbumeton,perfect,green,<,0.01,,,,,,
,0,,0,1,11127,,"Trichlorobenzene, 1,2,3",perfect,green,<,0.01,,,,,,
,0,,0,1,11128,,Terbuthylazine,perfect,green,<,0.01,,,,,,
,0,,0,1,11129,,"Trichlorobenzene, 1,2,4-",perfect,green,<,0.01,,,,,,
,0,,0,1,11130,,Terbutryn,perfect,green,<,0.01,,,,,,
,0,,0,1,11131,,"Trichlorobenzene, 1,3,5",perfect,green,<,0.01,,,,,,
,0,,0,1,11132,,Tetrachlorvinphos,perfect,green,<,0.01,,,,,,
,0,,0,1,11133,,Trichlorfon,perfect,green,<,0.01,,,,,,
,0,,0,1,11134,,Tetraconazole,perfect,green,<,0.01,,,,,,
,0,,0,1,11135,,Trichloronate,perfect,green,<,0.01,,,,,,
,0,,0,1,11136,,Tetradifone,perfect,green,<,0.01,,,,,,
,0,,0,1,11137,,Tricyclazole,perfect,green,<,0.01,,,,,,
,0,,0,1,11138,,Tridemorph,perfect,green,<,0.01,,,,,,
,0,,0,1,11139,,Tetramethrin,perfect,green,<,0.01,,,,,,
,0,,0,1,11140,,Trifenmorph,perfect,green,<,0.01,,,,,,
,0,,0,1,11141,,Tetrasul,perfect,green,<,0.01,,,,,,
,0,,0,1,11142,,Trifloxystrobin,perfect,green,<,0.01,,,,,,
,0,,0,1,11143,,Thenyl chlorine,perfect,green,<,0.01,,,,,,
,0,,0,1,11144,,Trifloxysulfuron,perfect,green,<,0.01,,,,,,
,0,,0,1,11145,,Thiabendazole,perfect,green,<,0.01,,,,,,
,0,,0,1,11146,,Triflumizole,perfect,green,<,0.01,,,,,,
,0,,0,1,11147,,Thiacloprid,perfect,green,<,0.01,,,,,,
,0,,0,1,11148,,Triflumuron,perfect,green,<,0.01,,,,,,
,0,,0,1,11149,,Thiamethoxam,perfect,green,<,0.01,,,,,,
,0,,0,1,11150,,Trifluralin,perfect,green,<,0.01,,,,,,
,0,,0,1,11151,,Thifensulfuron-methyl,perfect,green,<,0.01,,,,,,
,0,,0,1,11152,,Triforin,perfect,green,<,0.01,,,,,,
,0,,0,1,11153,,Thiobencarb,perfect,green,<,0.01,,,,,,
,0,,0,1,11154,,Trimethacarb,perfect,green,<,0.01,,,,,,
,0,,0,1,11155,,Thiodicarb,perfect,green,<,0.01,,,,,,
,0,,0,1,11156,,Triticonazole,perfect,green,<,0.01,,,,,,
,0,,0,1,11157,,Thiofanox,perfect,green,<,0.01,,,,,,
,0,,0,1,11158,,Tritosulfuron,perfect,green,<,0.01,,,,,,
,0,,0,1,11159,,Thiometon,perfect,green,<,0.01,,,,,,
,0,,0,1,11160,,Uniconazole,perfect,green,<,0.01,,,,,,
,0,,0,1,11161,,Thionazine,perfect,green,<,0.01,,,,,,
,0,,0,1,11162,,Valifenalate,perfect,green,<,0.01,,,,,,
,0,,0,1,11163,,Vamidothion,perfect,green,<,0.01,,,,,,
,0,,0,1,11164,,Thiophanate-methyl,perfect,green,<,0.01,,,,,,
,0,,0,1,11165,,Vinclozolin,perfect,green,<,0.01,,,,,,
,0,,0,1,11166,,Tioxazafen,perfect,green,<,0.01,,,,,,
,0,,0,1,11167,,Zoxamide,perfect,green,<,0.01,,,,,,
,0,,0,1,11168,,Tolclofos-methyl,perfect,green,<,0.01,,,,,,
,0,,0,1,11169,,Tolfenpyrad,perfect,green,<,0.01,,,,,,
,0,,0,1,11170,,Tolylfluanid,perfect,green,<,0.01,,,,,,
,0,,0,1,11171,,Tralkoxydim,perfect,green,<,0.01,,,,,,
,0,,0,1,11172,,Transfluthrin,perfect,green,<,0.01,,,,,,
,0,,0,1,11173,,Triadimefon,perfect,green,<,0.01,,,,,,
,0,,0,1,11174,,Triadimenol,perfect,green,<,0.01,,,,,,
,0,,0,1,11175,,Triallate,perfect,green,<,0.01,,,,,,
,0,,0,1,11176,,Triasulfuron,perfect,green,<,0.01,,,,,,
,0,,0,1,11177,,Triazamate,perfect,green,<,0.01,,,,,,
,0,,0,1,11178,,Triazophos,perfect,green,<,0.01,,,,,,
,0,,0,1,11179,,Triazoxide,perfect,green,<,0.01,,,,,,
,0,,0,1,11180,,Tribenuron-methyl,perfect,green,<,0.01,,,,,,
,0,,0,1,11181,,Tribufos,perfect,green,<,0.01,,,,,,
,0,,0,1,11183,,Clothianidin,perfect,green,<,0.01,,,,,,
,0,,0,1,11184,,"Spirotetramat, -enol glucoside",perfect,green,<,0.01,,,,,,
,0,,0,1,11242,,"Benzyladenin, 6-",perfect,green,<,0.01,,,,,,
,0,,0,1,11263,,Bifenthrin,perfect,green,<,0.01,,,,,,
,0,,0,1,11295,,"DDT-p,p",perfect,green,<,0.01,,,,,,
,0,,0,1,11323,,Fenvalerate/esfenvalerate,perfect,green,<,0.01,,,,,,
,0,,0,1,11326,,Tau-fluvalinate,perfect,green,<,0.01,,,,,,
,0,,0,1,11343,,Hexythiazox,perfect,green,<,0.01,,,,,,
,0,,0,1,11416,,Prochloraz metabolite BTS44595,perfect,green,<,0.01,,,,,,
,0,,0,1,11417,,Prochloraz metabolite BTS44596,perfect,green,<,0.01,,,,,,
,0,,0,1,11425,,Prothioconazole,perfect,green,<,0.01,,,,,,
,0,,0,1,11426,,Prothioconazole (Prothioconazole-Desthio),perfect,green,<,0.01,,,,,,
,0,,0,1,11886,,Pyrethrins,perfect,green,<,0.01,,,,,,
,0,,0,1,11887,,Resmethrin,perfect,green,<,0.01,,,,,,
,0,,0,1,11888,,Chlorothalonil-4-hydroxy,perfect,green,<,0.01,,,,,,
,0,,0,1,10502,,"2,3,5,6-Tetrachloroaniline",not OK,red,>,0.01,,,,,,
,0,,0,1,10503,,Benalaxyl,not OK,red,>,0.01,,,,,,
,0,,0,1,10504,,"2,4,6-Trichloroanisole",not OK,red,>,0.01,,,,,,
,0,,0,1,10505,,Bendiocarb,not OK,red,>,0.01,,,,,,
,0,,0,1,10506,,4-Bromophenylurea,not OK,red,>,0.01,,,,,,
,0,,0,1,10507,,Benfluralin,not OK,red,>,0.01,,,,,,
,0,,0,1,10508,,Abamectin,not OK,red,>,0.01,,,,,,
,0,,0,1,10509,,Benfuracarb,not OK,red,>,0.01,,,,,,
,0,,0,1,10510,,Acephate,not OK,red,>,0.01,,,,,,
,0,,0,1,10511,,Benodanil,not OK,red,>,0.01,,,,,,
,0,,0,1,10512,,Acetamiprid,not OK,red,>,0.01,,,,,,
,0,,0,1,10513,,Benomyl,not OK,red,>,0.01,,,,,,
,0,,0,1,10514,,Acetochlor,not OK,red,>,0.01,,,,,,
,0,,0,1,10515,,Benoxacor,not OK,red,>,0.01,,,,,,
,0,,0,1,10516,,Acibenzolar-S-Methyl,not OK,red,>,0.01,,,,,,
,0,,0,1,10517,,Bensulfuron-methyl,not OK,red,>,0.01,,,,,,
,0,,0,1,10518,,Aclonifen,not OK,red,>,0.01,,,,,,
,0,,0,1,10519,,Benthiavalicarb isopropyl,not OK,red,>,0.01,,,,,,
,0,,0,1,10520,,Acrinathrin,not OK,red,>,0.01,,,,,,
,0,,0,1,10521,,Benzalkonium chloride - C10,not OK,red,>,0.01,,,,,,
,0,,0,1,10522,,Alachlor,not OK,red,>,0.01,,,,,,
,0,,0,1,10523,,Aldicarb,not OK,red,>,0.01,,,,,,
,0,,0,1,10524,,Benzalkonium chloride - C12,not OK,red,>,0.01,,,,,,
,0,,0,1,10525,,Aldicarb sulfone,not OK,red,>,0.01,,,,,,
,0,,0,1,10526,,Benzalkonium chloride - C14,not OK,red,>,0.01,,,,,,
,0,,0,1,10527,,Aldicarb sulfoxide,not OK,red,>,0.01,,,,,,
,0,,0,1,10528,,Aldrin,not OK,red,>,0.01,,,,,,
,0,,0,1,10529,,Benzalkonium chloride - C16,not OK,red,>,0.01,,,,,,
,0,,0,1,10530,,Allethrin,not OK,red,>,0.01,,,,,,
,0,,0,1,10531,,Ametoctradine,not OK,red,>,0.01,,,,,,
,0,,0,1,10532,,Benzalkonium chloride - C18,not OK,red,>,0.01,,,,,,
,0,,0,1,10533,,Ametryn,not OK,red,>,0.01,,,,,,
,0,,0,1,10534,,Amidithione,not OK,red,>,0.01,,,,,,
,0,,0,1,10535,,Benzalkonium chloride - C8,not OK,red,>,0.01,,,,,,
,0,,0,1,10536,,Amidosulfuron,not OK,red,>,0.01,,,,,,
,0,,0,1,10537,,Aminocarb,not OK,red,>,0.01,,,,,,
,0,,0,1,10538,,Benzovindiflupyr,not OK,red,>,0.01,,,,,,
,0,,0,1,10539,,Amisul bromine,not OK,red,>,0.01,,,,,,
,0,,0,1,10541,,Amitraz,not OK,red,>,0.01,,,,,,
,0,,0,1,10542,,Anilofos,not OK,red,>,0.01,,,,,,
,0,,0,1,10543,,Bifenazat,not OK,red,>,0.01,,,,,,
,0,,0,1,10544,,Anthraquinone,not OK,red,>,0.01,,,,,,
,0,,0,1,10545,,Bifenox,not OK,red,>,0.01,,,,,,
,0,,0,1,10546,,Atrazine,not OK,red,>,0.01,,,,,,
,0,,0,1,10548,,Azaconazole,not OK,red,>,0.01,,,,,,
,0,,0,1,10549,,Biphenyl,not OK,red,>,0.01,,,,,,
,0,,0,1,10550,,Azadirachtin,not OK,red,>,0.01,,,,,,
,0,,0,1,10551,,Azamethiphos,not OK,red,>,0.01,,,,,,
,0,,0,1,10552,,Bitertanol,not OK,red,>,0.01,,,,,,
,0,,0,1,10553,,Azinphos-ethyl,not OK,red,>,0.01,,,,,,
,0,,0,1,10554,,Bixafen,not OK,red,>,0.01,,,,,,
,0,,0,1,10555,,Azinphos-methyl,not OK,red,>,0.01,,,,,,
,0,,0,1,10556,,Boscalid,not OK,red,>,0.01,,,,,,
,0,,0,1,10557,,Azoxystrobin,not OK,red,>,0.01,,,,,,
,0,,0,1,10559,,Bromacil,not OK,red,>,0.01,,,,,,
,0,,0,1,10560,,Bromadiolone,not OK,red,>,0.01,,,,,,
,0,,0,1,10564,,Bromfenvinphos,not OK,red,>,0.01,,,,,,
,0,,0,1,10565,,Bromine cycles,not OK,red,>,0.01,,,,,,
,0,,0,1,10566,,Chlorobenzuron,not OK,red,>,0.01,,,,,,
,0,,0,1,10567,,Bromophos-ethyl,not OK,red,>,0.01,,,,,,
,0,,0,1,10568,,Chlorobromuron,not OK,red,>,0.01,,,,,,
,0,,0,1,10569,,Bromophos-methyl,not OK,red,>,0.01,,,,,,
,0,,0,1,10570,,Chlorobufam,not OK,red,>,0.01,,,,,,
,0,,0,1,10571,,"Chlordane, Cis-",not OK,red,>,0.01,,,,,,
,0,,0,1,10572,,Bromoxynil,not OK,red,>,0.01,,,,,,
,0,,0,1,10573,,"Chlordane, oxy-",not OK,red,>,0.01,,,,,,
,0,,0,1,10574,,Bromopropylate,not OK,red,>,0.01,,,,,,
,0,,0,1,10575,,"Chlordan, Trans",not OK,red,>,0.01,,,,,,
,0,,0,1,10576,,Bromuconazole,not OK,red,>,0.01,,,,,,
,0,,0,1,10577,,Bupirimat,not OK,red,>,0.01,,,,,,
,0,,0,1,10578,,Chlorodimeform,not OK,red,>,0.01,,,,,,
,0,,0,1,10579,,Buprofezin,not OK,red,>,0.01,,,,,,
,0,,0,1,10580,,Chlorfenapyr,not OK,red,>,0.01,,,,,,
,0,,0,1,10581,,Butachlor,not OK,red,>,0.01,,,,,,
,0,,0,1,10582,,Chlorfenprop-methyl,not OK,red,>,0.01,,,,,,
,0,,0,1,10583,,Butafenacil,not OK,red,>,0.01,,,,,,
,0,,0,1,10584,,Chlorfenson,not OK,red,>,0.01,,,,,,
,0,,0,1,10585,,Butamifos,not OK,red,>,0.01,,,,,,
,0,,0,1,10586,,Butocarboxim,not OK,red,>,0.01,,,,,,
,0,,0,1,10587,,Chlorfenvinphos,not OK,red,>,0.01,,,,,,
,0,,0,1,10588,,Butoxycarboxim,not OK,red,>,0.01,,,,,,
,0,,0,1,10589,,Chlorfluazuron,not OK,red,>,0.01,,,,,,
,0,,0,1,10590,,Chloridazon,not OK,red,>,0.01,,,,,,
,0,,0,1,10591,,Butralin,not OK,red,>,0.01,,,,,,
,0,,0,1,10592,,Buturon,not OK,red,>,0.01,,,,,,
,0,,0,1,10593,,"Chloridazon, desphenyl-",not OK,red,>,0.01,,,,,,
,0,,0,1,10594,,Butylate,not OK,red,>,0.01,,,,,,
,0,,0,1,10595,,Chlormephos,not OK,red,>,0.01,,,,,,
,0,,0,1,10596,,Cadusafos,not OK,red,>,0.01,,,,,,
,0,,0,1,10597,,Chloroneb,not OK,red,>,0.01,,,,,,
,0,,0,1,10598,,Chlorpropham,not OK,red,>,0.01,,,,,,
,0,,0,1,10599,,Captafol,not OK,red,>,0.01,,,,,,
,0,,0,1,10600,,Chlorpropylate,not OK,red,>,0.01,,,,,,
,0,,0,1,10601,,Captan,not OK,red,>,0.01,,,,,,
,0,,0,1,10602,,Chlorpyrifos-ethyl,not OK,red,>,0.01,,,,,,
,0,,0,1,10603,,Carbaryl,not OK,red,>,0.01,,,,,,
,0,,0,1,10604,,Chlorpyrifos-methyl,not OK,red,>,0.01,,,,,,
,0,,0,1,10605,,Carbendazim,not OK,red,>,0.01,,,,,,
,0,,0,1,10606,,Chlorosulfuron,not OK,red,>,0.01,,,,,,
,0,,0,1,10607,,Carbofuran,not OK,red,>,0.01,,,,,,
,0,,0,1,10608,,Chlorothalodimethyl,not OK,red,>,0.01,,,,,,
,0,,0,1,10609,,"Carbofuran, 3-hydroxy-",not OK,red,>,0.01,,,,,,
,0,,0,1,10610,,Chlorothalonil,not OK,red,>,0.01,,,,,,
,0,,0,1,10611,,Carbophenothione ethyl,not OK,red,>,0.01,,,,,,
,0,,0,1,10613,,Chloride ion,not OK,red,>,0.01,,,,,,
,0,,0,1,10614,,Carbophenothion-methyl,not OK,red,>,0.01,,,,,,
,0,,0,1,10615,,Chlorothiophos,not OK,red,>,0.01,,,,,,
,0,,0,1,10616,,Carbosulfan,not OK,red,>,0.01,,,,,,
,0,,0,1,10617,,Chlorotoluron,not OK,red,>,0.01,,,,,,
,0,,0,1,10618,,Carboxin,not OK,red,>,0.01,,,,,,
,0,,0,1,10619,,Chlozolinate,not OK,red,>,0.01,,,,,,
,0,,0,1,10620,,Carboxyl sulfoxide,not OK,red,>,0.01,,,,,,
,0,,0,1,10621,,Chromafenocide,not OK,red,>,0.01,,,,,,
,0,,0,1,10622,,Chlorantraniliprole,not OK,red,>,0.01,,,,,,
,0,,0,1,10623,,Cinosulfuron,not OK,red,>,0.01,,,,,,
,0,,0,1,10624,,Clethodim,not OK,red,>,0.01,,,,,,
,0,,0,1,10625,,Chlorobenzide,not OK,red,>,0.01,,,,,,
,0,,0,1,10626,,Clethodim sulfone,not OK,red,>,0.01,,,,,,
,0,,0,1,10627,,Chlorobenzilate,not OK,red,>,0.01,,,,,,
,0,,0,1,10632,,Clethodim sulfoxide,not OK,red,>,0.01,,,,,,
,0,,0,1,10633,,Climbazole,not OK,red,>,0.01,,,,,,
,0,,0,1,10634,,Desmedipham,not OK,red,>,0.01,,,,,,
,0,,0,1,10635,,Clofentezine,not OK,red,>,0.01,,,,,,
,0,,0,1,10636,,Clomazone,not OK,red,>,0.01,,,,,,
,0,,0,1,10637,,Desmetryn,not OK,red,>,0.01,,,,,,
,0,,0,1,10638,,Cloquintocet-Mexyl,not OK,red,>,0.01,,,,,,
,0,,0,1,10639,,Diafenthiuron,not OK,red,>,0.01,,,,,,
,0,,0,1,10641,,Dialifos,not OK,red,>,0.01,,,,,,
,0,,0,1,10642,,Coumaphos,not OK,red,>,0.01,,,,,,
,0,,0,1,10643,,Dial,not OK,red,>,0.01,,,,,,
,0,,0,1,10644,,Criminologist,not OK,red,>,0.01,,,,,,
,0,,0,1,10645,,Crotoxyphos,not OK,red,>,0.01,,,,,,
,0,,0,1,10646,,Diazinon,not OK,red,>,0.01,,,,,,
,0,,0,1,10647,,Crufomat,not OK,red,>,0.01,,,,,,
,0,,0,1,10648,,Dicaphthon,not OK,red,>,0.01,,,,,,
,0,,0,1,10649,,Cyanazine,not OK,red,>,0.01,,,,,,
,0,,0,1,10650,,Cyanofenphos,not OK,red,>,0.01,,,,,,
,0,,0,1,10651,,Dichlobenil,not OK,red,>,0.01,,,,,,
,0,,0,1,10652,,Cyanophos,not OK,red,>,0.01,,,,,,
,0,,0,1,10653,,Dichlofenthion,not OK,red,>,0.01,,,,,,
,0,,0,1,10654,,Cyantraniliprole,not OK,red,>,0.01,,,,,,
,0,,0,1,10655,,Dichlofluanid,not OK,red,>,0.01,,,,,,
,0,,0,1,10656,,Cyazofamide,not OK,red,>,0.01,,,,,,
,0,,0,1,10657,,Dichlorobenzamide,not OK,red,>,0.01,,,,,,
,0,,0,1,10658,,Cyclaniliprole,not OK,red,>,0.01,,,,,,
,0,,0,1,10659,,Dichlorvos,not OK,red,>,0.01,,,,,,
,0,,0,1,10660,,Cycloate,not OK,red,>,0.01,,,,,,
,0,,0,1,10661,,Cyenopygraphs,not OK,red,>,0.01,,,,,,
,0,,0,1,10662,,Diclobutrazol,not OK,red,>,0.01,,,,,,
,0,,0,1,10663,,Cyflufenamide,not OK,red,>,0.01,,,,,,
,0,,0,1,10664,,Diclofop-methyl,not OK,red,>,0.01,,,,,,
,0,,0,1,10665,,Cyflumetofen,not OK,red,>,0.01,,,,,,
,0,,0,1,10666,,Dicloran,not OK,red,>,0.01,,,,,,
,0,,0,1,10667,,Cyfluthrin,not OK,red,>,0.01,,,,,,
,0,,0,1,10668,,Dicofol,not OK,red,>,0.01,,,,,,
,0,,0,1,10669,,Cymoxanil,not OK,red,>,0.01,,,,,,
,0,,0,1,10670,,Cypermethrin,not OK,red,>,0.01,,,,,,
,0,,0,1,10671,,Dicrotophos,not OK,red,>,0.01,,,,,,
,0,,0,1,10672,,Cyphenothrin,not OK,red,>,0.01,,,,,,
,0,,0,1,10673,,Didecyldimethylammonium chloride - C10,not OK,red,>,0.01,,,,,,
,0,,0,1,10674,,Cyproconazole,not OK,red,>,0.01,,,,,,
,0,,0,1,10675,,Didecyldimethylammonium chloride - C12,not OK,red,>,0.01,,,,,,
,0,,0,1,10676,,Cyprodinil,not OK,red,>,0.01,,,,,,
,0,,0,1,10677,,Cyprosulfamide,not OK,red,>,0.01,,,,,,
,0,,0,1,10678,,Didecyldimethylammonium chloride - C8,not OK,red,>,0.01,,,,,,
,0,,0,1,10679,,Cyromazine,not OK,red,>,0.01,,,,,,
,0,,0,1,10680,,"DDD-o,p",not OK,red,>,0.01,,,,,,
,0,,0,1,10681,,Dieldrin,not OK,red,>,0.01,,,,,,
,0,,0,1,10682,,"DDD-p,p",not OK,red,>,0.01,,,,,,
,0,,0,1,10683,,Diethofencarb,not OK,red,>,0.01,,,,,,
,0,,0,1,10684,,"DDE-o,p",not OK,red,>,0.01,,,,,,
,0,,0,1,10685,,Diethyltoluamide,not OK,red,>,0.01,,,,,,
,0,,0,1,10686,,"DDE-p,p",not OK,red,>,0.01,,,,,,
,0,,0,1,10687,,"DDT-o,p",not OK,red,>,0.01,,,,,,
,0,,0,1,10688,,Difenacoum,not OK,red,>,0.01,,,,,,
,0,,0,1,10690,,Difenoconazole,not OK,red,>,0.01,,,,,,
,0,,0,1,10691,,Deltamethrin,not OK,red,>,0.01,,,,,,
,0,,0,1,10692,,Difenoxuron,not OK,red,>,0.01,,,,,,
,0,,0,1,10693,,Demeton-S-Methyl,not OK,red,>,0.01,,,,,,
,0,,0,1,10694,,Diflovidazine,not OK,red,>,0.01,,,,,,
,0,,0,1,10695,,Demeton-S-methylsulfone,not OK,red,>,0.01,,,,,,
,0,,0,1,10699,,Diflubenzuron,not OK,red,>,0.01,,,,,,
,0,,0,1,10700,,Diflufenican,not OK,red,>,0.01,,,,,,
,0,,0,1,10701,,Endosulfan sulphate,not OK,red,>,0.01,,,,,,
,0,,0,1,10702,,Dimefox,not OK,red,>,0.01,,,,,,
,0,,0,1,10703,,Endrin,not OK,red,>,0.01,,,,,,
,0,,0,1,10704,,Dimefuron,not OK,red,>,0.01,,,,,,
,0,,0,1,10705,,"Endrin, Keto",not OK,red,>,0.01,,,,,,
,0,,0,1,10706,,Dimethenamide,not OK,red,>,0.01,,,,,,
,0,,0,1,10707,,Epoxiconazole,not OK,red,>,0.01,,,,,,
,0,,0,1,10708,,Dimethoate,not OK,red,>,0.01,,,,,,
,0,,0,1,10709,,Etaconazole,not OK,red,>,0.01,,,,,,
,0,,0,1,10710,,Dimethomorphs,not OK,red,>,0.01,,,,,,
,0,,0,1,10711,,Ethalfluralin,not OK,red,>,0.01,,,,,,
,0,,0,1,10712,,Dimethylaminosulfotoluidide,not OK,red,>,0.01,,,,,,
,0,,0,1,10713,,Ethiofencarb,not OK,red,>,0.01,,,,,,
,0,,0,1,10714,,Ethion,not OK,red,>,0.01,,,,,,
,0,,0,1,10715,,"Dimethylphenylformamide, 2,4",not OK,red,>,0.01,,,,,,
,0,,0,1,10716,,Ethiprol,not OK,red,>,0.01,,,,,,
,0,,0,1,10717,,Ethirimol,not OK,red,>,0.01,,,,,,
,0,,0,1,10718,,"Dimethylphenylmethylformamidine, 2,4",not OK,red,>,0.01,,,,,,
,0,,0,1,10719,,Ethofumesate,not OK,red,>,0.01,,,,,,
,0,,0,1,10720,,"Ethofumesate, 2-keto/open ring 2-keto",not OK,red,>,0.01,,,,,,
,0,,0,1,10721,,Dimethylvinphos,not OK,red,>,0.01,,,,,,
,0,,0,1,10722,,Ethoprophos,not OK,red,>,0.01,,,,,,
,0,,0,1,10723,,Dimetilan,not OK,red,>,0.01,,,,,,
,0,,0,1,10724,,Ethoxyquin,not OK,red,>,0.01,,,,,,
,0,,0,1,10725,,Dimoxystrobin,not OK,red,>,0.01,,,,,,
,0,,0,1,10726,,Ethoxyquin dimer,not OK,red,>,0.01,,,,,,
,0,,0,1,10727,,Diniconazole,not OK,red,>,0.01,,,,,,
,0,,0,1,10728,,Etofenprox,not OK,red,>,0.01,,,,,,
,0,,0,1,10729,,Dinitramine,not OK,red,>,0.01,,,,,,
,0,,0,1,10730,,Etoxazole,not OK,red,>,0.01,,,,,,
,0,,0,1,10731,,Dinocap,not OK,red,>,0.01,,,,,,
,0,,0,1,10732,,Etridiazole,not OK,red,>,0.01,,,,,,
,0,,0,1,10733,,Dinotefuran,not OK,red,>,0.01,,,,,,
,0,,0,1,10734,,Etrimfos,not OK,red,>,0.01,,,,,,
,0,,0,1,10735,,Dioxabenzophos,not OK,red,>,0.01,,,,,,
,0,,0,1,10736,,FM-6-1,not OK,red,>,0.01,,,,,,
,0,,0,1,10737,,Dioxacarb,not OK,red,>,0.01,,,,,,
,0,,0,1,10738,,Famophos,not OK,red,>,0.01,,,,,,
,0,,0,1,10739,,Dioxathion,not OK,red,>,0.01,,,,,,
,0,,0,1,10740,,Diphenamide,not OK,red,>,0.01,,,,,,
,0,,0,1,10741,,Famoxadone,not OK,red,>,0.01,,,,,,
,0,,0,1,10742,,Diphenylamine,not OK,red,>,0.01,,,,,,
,0,,0,1,10743,,Fenamidone,not OK,red,>,0.01,,,,,,
,0,,0,1,10744,,Dipropetry,not OK,red,>,0.01,,,,,,
,0,,0,1,10745,,Fenamiphos,not OK,red,>,0.01,,,,,,
,0,,0,1,10746,,Disulfoton,not OK,red,>,0.01,,,,,,
,0,,0,1,10747,,Fenamiphos sulfone,not OK,red,>,0.01,,,,,,
,0,,0,1,10748,,Disulfoton sulfone,not OK,red,>,0.01,,,,,,
,0,,0,1,10749,,Fenamiphos sulfoxide,not OK,red,>,0.01,,,,,,
,0,,0,1,10750,,Disulfoton sulfoxide,not OK,red,>,0.01,,,,,,
,0,,0,1,10751,,Fenarimol,not OK,red,>,0.01,,,,,,
,0,,0,1,10752,,Ditalimfos,not OK,red,>,0.01,,,,,,
,0,,0,1,10753,,Fenazaquin,not OK,red,>,0.01,,,,,,
,0,,0,1,10754,,Diuron,not OK,red,>,0.01,,,,,,
,0,,0,1,10755,,Fenbuconazole,not OK,red,>,0.01,,,,,,
,0,,0,1,10756,,Dodemorph,not OK,red,>,0.01,,,,,,
,0,,0,1,10757,,Fenbutatin oxide,not OK,red,>,0.01,,,,,,
,0,,0,1,10758,,Dodin,not OK,red,>,0.01,,,,,,
,0,,0,1,10759,,Fenchlorphos,not OK,red,>,0.01,,,,,,
,0,,0,1,10760,,EPN,not OK,red,>,0.01,,,,,,
,0,,0,1,10761,,EPTC,not OK,red,>,0.01,,,,,,
,0,,0,1,10762,,Fenchlorphos-oxone,not OK,red,>,0.01,,,,,,
,0,,0,1,10763,,Fenfluthrin,not OK,red,>,0.01,,,,,,
,0,,0,1,10764,,Edifenphos,not OK,red,>,0.01,,,,,,
,0,,0,1,10765,,Fenhexamide,not OK,red,>,0.01,,,,,,
,0,,0,1,10766,,Emamectin benzoate B1a,not OK,red,>,0.01,,,,,,
,0,,0,1,10767,,Fenitrothion,not OK,red,>,0.01,,,,,,
,0,,0,1,10768,,Endosulfan-alpha,not OK,red,>,0.01,,,,,,
,0,,0,1,10773,,Endosulfan-beta,not OK,red,>,0.01,,,,,,
,0,,0,1,10774,,Fenobucarb,not OK,red,>,0.01,,,,,,
,0,,0,1,10775,,Fenoxaprop-P-Ethyl,not OK,red,>,0.01,,,,,,
,0,,0,1,10776,,Flumioxazine,not OK,red,>,0.01,,,,,,
,0,,0,1,10777,,Fenoxycarb,not OK,red,>,0.01,,,,,,
,0,,0,1,10778,,Fluometuron,not OK,red,>,0.01,,,,,,
,0,,0,1,10779,,Fenpiclonil,not OK,red,>,0.01,,,,,,
,0,,0,1,10780,,Fluopicolide,not OK,red,>,0.01,,,,,,
,0,,0,1,10781,,Fenpicoxamide,not OK,red,>,0.01,,,,,,
,0,,0,1,10782,,Fluopyram,not OK,red,>,0.01,,,,,,
,0,,0,1,10783,,Fenpropathrin,not OK,red,>,0.01,,,,,,
,0,,0,1,10784,,Fluorodifen,not OK,red,>,0.01,,,,,,
,0,,0,1,10785,,Fenpropidin,not OK,red,>,0.01,,,,,,
,0,,0,1,10786,,Fluoroglycofen-ethyl,not OK,red,>,0.01,,,,,,
,0,,0,1,10787,,Fenpropimorph,not OK,red,>,0.01,,,,,,
,0,,0,1,10788,,Fluotrimazole,not OK,red,>,0.01,,,,,,
,0,,0,1,10789,,Fenpyrazamine,not OK,red,>,0.01,,,,,,
,0,,0,1,10790,,Fluoxastrobin,not OK,red,>,0.01,,,,,,
,0,,0,1,10791,,Fenpyroximate,not OK,red,>,0.01,,,,,,
,0,,0,1,10792,,Flupyradifurone,not OK,red,>,0.01,,,,,,
,0,,0,1,10793,,Fenson,not OK,red,>,0.01,,,,,,
,0,,0,1,10794,,Fluquinconazole,not OK,red,>,0.01,,,,,,
,0,,0,1,10795,,Flurenol butyl,not OK,red,>,0.01,,,,,,
,0,,0,1,10796,,Fensulfothion,not OK,red,>,0.01,,,,,,
,0,,0,1,10797,,Flurenol-methyl,not OK,red,>,0.01,,,,,,
,0,,0,1,10798,,Fenthion,not OK,red,>,0.01,,,,,,
,0,,0,1,10799,,Flurochloridone,not OK,red,>,0.01,,,,,,
,0,,0,1,10800,,Fenthion oxon,not OK,red,>,0.01,,,,,,
,0,,0,1,10801,,Fluroxypyr-1-methylheptyl,not OK,red,>,0.01,,,,,,
,0,,0,1,10802,,Fenthion oxon sulfone,not OK,red,>,0.01,,,,,,
,0,,0,1,10803,,Flurprimidol,not OK,red,>,0.01,,,,,,
,0,,0,1,10804,,Fenthion oxon sulfoxide,not OK,red,>,0.01,,,,,,
,0,,0,1,10805,,Flusilazole,not OK,red,>,0.01,,,,,,
,0,,0,1,10806,,Fenthion sulfone,not OK,red,>,0.01,,,,,,
,0,,0,1,10807,,Fluthiacet methyl,not OK,red,>,0.01,,,,,,
,0,,0,1,10808,,Fenthion sulfoxide,not OK,red,>,0.01,,,,,,
,0,,0,1,10809,,Flutolanil,not OK,red,>,0.01,,,,,,
,0,,0,1,10810,,Fenuron,not OK,red,>,0.01,,,,,,
,0,,0,1,10811,,Flutriafol,not OK,red,>,0.01,,,,,,
,0,,0,1,10813,,Fluxametamide,not OK,red,>,0.01,,,,,,
,0,,0,1,10814,,Fluxapyroxad,not OK,red,>,0.01,,,,,,
,0,,0,1,10815,,Fipronil,not OK,red,>,0.01,,,,,,
,0,,0,1,10816,,Folpet,not OK,red,>,0.01,,,,,,
,0,,0,1,10817,,Fipronil sulphide,not OK,red,>,0.01,,,,,,
,0,,0,1,10818,,Fonophos,not OK,red,>,0.01,,,,,,
,0,,0,1,10819,,Fipronil sulfone,not OK,red,>,0.01,,,,,,
,0,,0,1,10820,,Foramsulfuron,not OK,red,>,0.01,,,,,,
,0,,0,1,10821,,Forchlorfenuron,not OK,red,>,0.01,,,,,,
,0,,0,1,10822,,Flamprop-Methyl,not OK,red,>,0.01,,,,,,
,0,,0,1,10823,,Formetanate,not OK,red,>,0.01,,,,,,
,0,,0,1,10824,,Flazasulfuron,not OK,red,>,0.01,,,,,,
,0,,0,1,10825,,Formothion,not OK,red,>,0.01,,,,,,
,0,,0,1,10826,,Florasulam,not OK,red,>,0.01,,,,,,
,0,,0,1,10827,,Fosthiazate,not OK,red,>,0.01,,,,,,
,0,,0,1,10828,,Fluazifop-P-butyl,not OK,red,>,0.01,,,,,,
,0,,0,1,10829,,Fuberidazole,not OK,red,>,0.01,,,,,,
,0,,0,1,10830,,Fluazinam,not OK,red,>,0.01,,,,,,
,0,,0,1,10831,,Furalaxyl,not OK,red,>,0.01,,,,,,
,0,,0,1,10832,,Fluazuron,not OK,red,>,0.01,,,,,,
,0,,0,1,10833,,Furathiocarb,not OK,red,>,0.01,,,,,,
,0,,0,1,10834,,Flubendiamide,not OK,red,>,0.01,,,,,,
,0,,0,1,10835,,Genit,not OK,red,>,0.01,,,,,,
,0,,0,1,10836,,Fluchloralin,not OK,red,>,0.01,,,,,,
,0,,0,1,10837,,HCH-alpha,not OK,red,>,0.01,,,,,,
,0,,0,1,10838,,Flucythrinate,not OK,red,>,0.01,,,,,,
,0,,0,1,10839,,Fludioxonil,not OK,red,>,0.01,,,,,,
,0,,0,1,10840,,HCH-beta,not OK,red,>,0.01,,,,,,
,0,,0,1,10841,,Flufenacet,not OK,red,>,0.01,,,,,,
,0,,0,1,10842,,Flufenacet oxalate,not OK,red,>,0.01,,,,,,
,0,,0,1,10843,,Halfenprox,not OK,red,>,0.01,,,,,,
,0,,0,1,10844,,Flufenoxuron,not OK,red,>,0.01,,,,,,
,0,,0,1,10849,,Flumetralin,not OK,red,>,0.01,,,,,,
,0,,0,1,10850,,Halosulfuron-methyl,not OK,red,>,0.01,,,,,,
,0,,0,1,10851,,Haloxyfop-2-ethoxyethyl,not OK,red,>,0.01,,,,,,
,0,,0,1,10852,,Isofenphos-ethyl,not OK,red,>,0.01,,,,,,
,0,,0,1,10853,,Haloxyfop-methyl,not OK,red,>,0.01,,,,,,
,0,,0,1,10854,,Heptachlor,not OK,red,>,0.01,,,,,,
,0,,0,1,10855,,Isofenphos-methyl,not OK,red,>,0.01,,,,,,
,0,,0,1,10856,,Isofetamide,not OK,red,>,0.01,,,,,,
,0,,0,1,10857,,"Heptachlor epoxide, cis",not OK,red,>,0.01,,,,,,
,0,,0,1,10858,,Isoprocarb,not OK,red,>,0.01,,,,,,
,0,,0,1,10859,,"Heptachlor epoxide, trans",not OK,red,>,0.01,,,,,,
,0,,0,1,10860,,Isopropalin,not OK,red,>,0.01,,,,,,
,0,,0,1,10861,,Isoprothiolane,not OK,red,>,0.01,,,,,,
,0,,0,1,10862,,Heptenophos,not OK,red,>,0.01,,,,,,
,0,,0,1,10863,,Isoproturon,not OK,red,>,0.01,,,,,,
,0,,0,1,10864,,Hexachlorobenzene,not OK,red,>,0.01,,,,,,
,0,,0,1,10865,,Isopyrazam,not OK,red,>,0.01,,,,,,
,0,,0,1,10866,,Isoxaben,not OK,red,>,0.01,,,,,,
,0,,0,1,10867,,Hexaconazole,not OK,red,>,0.01,,,,,,
,0,,0,1,10868,,Isoxadifen ethyl,not OK,red,>,0.01,,,,,,
,0,,0,1,10869,,Hexaflumuron,not OK,red,>,0.01,,,,,,
,0,,0,1,10870,,Isoxaflutole,not OK,red,>,0.01,,,,,,
,0,,0,1,10871,,Hexazinone,not OK,red,>,0.01,,,,,,
,0,,0,1,10872,,"Isoxaflutole, diketonitrile-",not OK,red,>,0.01,,,,,,
,0,,0,1,10874,,Isoxathione,not OK,red,>,0.01,,,,,,
,0,,0,1,10875,,Icaridine,not OK,red,>,0.01,,,,,,
,0,,0,1,10876,,Ivermectin,not OK,red,>,0.01,,,,,,
,0,,0,1,10877,,Karanjin,not OK,red,>,0.01,,,,,,
,0,,0,1,10878,,Imazalil,not OK,red,>,0.01,,,,,,
,0,,0,1,10879,,Kresoxim-methyl,not OK,red,>,0.01,,,,,,
,0,,0,1,10880,,Lactofen,not OK,red,>,0.01,,,,,,
,0,,0,1,10881,,Imibenconazole,not OK,red,>,0.01,,,,,,
,0,,0,1,10882,,Lambda-cyhalothrin,not OK,red,>,0.01,,,,,,
,0,,0,1,10883,,Imidacloprid,not OK,red,>,0.01,,,,,,
,0,,0,1,10884,,Imidaclothiz,not OK,red,>,0.01,,,,,,
,0,,0,1,10885,,Lenacil,not OK,red,>,0.01,,,,,,
,0,,0,1,10886,,Indaziflam,not OK,red,>,0.01,,,,,,
,0,,0,1,10887,,Leptophos,not OK,red,>,0.01,,,,,,
,0,,0,1,10888,,Indoxacarb,not OK,red,>,0.01,,,,,,
,0,,0,1,10889,,Lindane (HCH-gamma),not OK,red,>,0.01,,,,,,
,0,,0,1,10890,,Inpyrfluxam,not OK,red,>,0.01,,,,,,
,0,,0,1,10891,,Iodine fenphos,not OK,red,>,0.01,,,,,,
,0,,0,1,10892,,Linuron,not OK,red,>,0.01,,,,,,
,0,,0,1,10893,,Lufenuron,not OK,red,>,0.01,,,,,,
,0,,0,1,10894,,Ioxynil,not OK,red,>,0.01,,,,,,
,0,,0,1,10895,,MGK-264,not OK,red,>,0.01,,,,,,
,0,,0,1,10896,,Ipconazole,not OK,red,>,0.01,,,,,,
,0,,0,1,10897,,Iprobenphos,not OK,red,>,0.01,,,,,,
,0,,0,1,10898,,Malaoxon,not OK,red,>,0.01,,,,,,
,0,,0,1,10899,,Malathion,not OK,red,>,0.01,,,,,,
,0,,0,1,10900,,Iprodione,not OK,red,>,0.01,,,,,,
,0,,0,1,10901,,Mandestrobin,not OK,red,>,0.01,,,,,,
,0,,0,1,10902,,Iprovalicarb,not OK,red,>,0.01,,,,,,
,0,,0,1,10903,,Mandipropamide,not OK,red,>,0.01,,,,,,
,0,,0,1,10904,,Isazofos,not OK,red,>,0.01,,,,,,
,0,,0,1,10905,,"Matrine, qualitative",not OK,red,>,0.01,,,,,,
,0,,0,1,10906,,Isobenzan,not OK,red,>,0.01,,,,,,
,0,,0,1,10907,,Mecarbam,not OK,red,>,0.01,,,,,,
,0,,0,1,10908,,Mefenpyr diethyl,not OK,red,>,0.01,,,,,,
,0,,0,1,10909,,Isocarbophos,not OK,red,>,0.01,,,,,,
,0,,0,1,10910,,Mefentrifluconazole,not OK,red,>,0.01,,,,,,
,0,,0,1,10915,,Isodrin,not OK,red,>,0.01,,,,,,
,0,,0,1,10916,,Mepanipyrim,not OK,red,>,0.01,,,,,,
,0,,0,1,10917,,Mephosfolan,not OK,red,>,0.01,,,,,,
,0,,0,1,10918,,Monocrotophos,not OK,red,>,0.01,,,,,,
,0,,0,1,10919,,Mepronil,not OK,red,>,0.01,,,,,,
,0,,0,1,10920,,Monolinuron,not OK,red,>,0.01,,,,,,
,0,,0,1,10921,,Meptyldinocap,not OK,red,>,0.01,,,,,,
,0,,0,1,10922,,Monuron,not OK,red,>,0.01,,,,,,
,0,,0,1,10923,,Mesosulfuron-methyl,not OK,red,>,0.01,,,,,,
,0,,0,1,10924,,Morphothion,not OK,red,>,0.01,,,,,,
,0,,0,1,10925,,Metaflumi zone,not OK,red,>,0.01,,,,,,
,0,,0,1,10926,,Myclobutanil,not OK,red,>,0.01,,,,,,
,0,,0,1,10927,,Metalaxyl/Metalaxyl-M,not OK,red,>,0.01,,,,,,
,0,,0,1,10928,,Napropamide,not OK,red,>,0.01,,,,,,
,0,,0,1,10929,,Metamitron,not OK,red,>,0.01,,,,,,
,0,,0,1,10930,,Neburon,not OK,red,>,0.01,,,,,,
,0,,0,1,10931,,Metazachlor,not OK,red,>,0.01,,,,,,
,0,,0,1,10932,,Nitenpyram,not OK,red,>,0.01,,,,,,
,0,,0,1,10933,,Metconazole,not OK,red,>,0.01,,,,,,
,0,,0,1,10934,,Nitralin,not OK,red,>,0.01,,,,,,
,0,,0,1,10935,,Methabenzthiazuron,not OK,red,>,0.01,,,,,,
,0,,0,1,10936,,Nitrapyrin,not OK,red,>,0.01,,,,,,
,0,,0,1,10937,,Methacrifos,not OK,red,>,0.01,,,,,,
,0,,0,1,10938,,Nitrofen,not OK,red,>,0.01,,,,,,
,0,,0,1,10939,,Methamidophos,not OK,red,>,0.01,,,,,,
,0,,0,1,10940,,Nitrothal Isopropyl,not OK,red,>,0.01,,,,,,
,0,,0,1,10941,,Methidathion,not OK,red,>,0.01,,,,,,
,0,,0,1,10942,,Non-chlorine,not OK,red,>,0.01,,,,,,
,0,,0,1,10943,,Methiocarb,not OK,red,>,0.01,,,,,,
,0,,0,1,10944,,Norflurazon,not OK,red,>,0.01,,,,,,
,0,,0,1,10945,,Methiocarb sulfone,not OK,red,>,0.01,,,,,,
,0,,0,1,10946,,Novaluron,not OK,red,>,0.01,,,,,,
,0,,0,1,10947,,Methiocarb sulfoxide,not OK,red,>,0.01,,,,,,
,0,,0,1,10948,,Nuarimol,not OK,red,>,0.01,,,,,,
,0,,0,1,10949,,Methomyl,not OK,red,>,0.01,,,,,,
,0,,0,1,10950,,Octachlorostyrene,not OK,red,>,0.01,,,,,,
,0,,0,1,10951,,Methoprotryne,not OK,red,>,0.01,,,,,,
,0,,0,1,10952,,Ofurace,not OK,red,>,0.01,,,,,,
,0,,0,1,10953,,Methothrin,not OK,red,>,0.01,,,,,,
,0,,0,1,10954,,Omethoat,not OK,red,>,0.01,,,,,,
,0,,0,1,10955,,Methoxychlorine,not OK,red,>,0.01,,,,,,
,0,,0,1,10956,,Oxadiazone,not OK,red,>,0.01,,,,,,
,0,,0,1,10957,,Oxadixyl,not OK,red,>,0.01,,,,,,
,0,,0,1,10958,,Methoxyfenocide,not OK,red,>,0.01,,,,,,
,0,,0,1,10959,,Oxamyl,not OK,red,>,0.01,,,,,,
,0,,0,1,10960,,Metobromuron,not OK,red,>,0.01,,,,,,
,0,,0,1,10961,,Oxathiapiproline,not OK,red,>,0.01,,,,,,
,0,,0,1,10962,,Metolachlor/S-metolachlor,not OK,red,>,0.01,,,,,,
,0,,0,1,10963,,Oxycarboxin,not OK,red,>,0.01,,,,,,
,0,,0,1,10964,,Metolcarb,not OK,red,>,0.01,,,,,,
,0,,0,1,10965,,Oxydemeton-methyl,not OK,red,>,0.01,,,,,,
,0,,0,1,10966,,Metosulam,not OK,red,>,0.01,,,,,,
,0,,0,1,10967,,Metoxuron,not OK,red,>,0.01,,,,,,
,0,,0,1,10968,,Oxyfluorfen,not OK,red,>,0.01,,,,,,
,0,,0,1,10969,,Metrafenone,not OK,red,>,0.01,,,,,,
,0,,0,1,10970,,Paclobutrazol,not OK,red,>,0.01,,,,,,
,0,,0,1,10971,,Metribuzin,not OK,red,>,0.01,,,,,,
,0,,0,1,10972,,Paraoxone ethyl,not OK,red,>,0.01,,,,,,
,0,,0,1,10973,,Metsulfuron-methyl,not OK,red,>,0.01,,,,,,
,0,,0,1,10974,,Mevinphos,not OK,red,>,0.01,,,,,,
,0,,0,1,10975,,Paraoxon-methyl,not OK,red,>,0.01,,,,,,
,0,,0,1,10976,,Milbemectin-A3,not OK,red,>,0.01,,,,,,
,0,,0,1,10977,,Parathion ethyl,not OK,red,>,0.01,,,,,,
,0,,0,1,10978,,Milbemectin-A4,not OK,red,>,0.01,,,,,,
,0,,0,1,10979,,Mirex,not OK,red,>,0.01,,,,,,
,0,,0,1,10980,,Parathion-methyl,not OK,red,>,0.01,,,,,,
,0,,0,1,10981,,Molinates,not OK,red,>,0.01,,,,,,
,0,,0,1,10986,,Monalid,not OK,red,>,0.01,,,,,,
,0,,0,1,10987,,Pebulat,not OK,red,>,0.01,,,,,,
,0,,0,1,10988,,Penconazole,not OK,red,>,0.01,,,,,,
,0,,0,1,10989,,Pirimicarb,not OK,red,>,0.01,,,,,,
,0,,0,1,10990,,Pencycuron,not OK,red,>,0.01,,,,,,
,0,,0,1,10991,,Pirimiphos ethyl,not OK,red,>,0.01,,,,,,
,0,,0,1,10992,,Pencycuron-PB-amine,not OK,red,>,0.01,,,,,,
,0,,0,1,10993,,Pirimiphos-methyl,not OK,red,>,0.01,,,,,,
,0,,0,1,10994,,Pendimethalin,not OK,red,>,0.01,,,,,,
,0,,0,1,10995,,Plifenat,not OK,red,>,0.01,,,,,,
,0,,0,1,10996,,Penflufen,not OK,red,>,0.01,,,,,,
,0,,0,1,10997,,Prallethrin,not OK,red,>,0.01,,,,,,
,0,,0,1,10998,,Pentachloroaniline,not OK,red,>,0.01,,,,,,
,0,,0,1,10999,,Pentachloroanisole,not OK,red,>,0.01,,,,,,
,0,,0,1,11000,,Pretilachlor,not OK,red,>,0.01,,,,,,
,0,,0,1,11001,,Pentachlorobenzene,not OK,red,>,0.01,,,,,,
,0,,0,1,11002,,Primisulfuron-methyl,not OK,red,>,0.01,,,,,,
,0,,0,1,11003,,Pentachlorobenzonitrile,not OK,red,>,0.01,,,,,,
,0,,0,1,11004,,Prochloraz,not OK,red,>,0.01,,,,,,
,0,,0,1,11005,,Pentachlorothioanisole,not OK,red,>,0.01,,,,,,
,0,,0,1,11006,,Procymidone,not OK,red,>,0.01,,,,,,
,0,,0,1,11007,,Profenofos,not OK,red,>,0.01,,,,,,
,0,,0,1,11008,,Penthiopy wheel,not OK,red,>,0.01,,,,,,
,0,,0,1,11009,,Profluralin,not OK,red,>,0.01,,,,,,
,0,,0,1,11010,,Permethrin,not OK,red,>,0.01,,,,,,
,0,,0,1,11011,,Promecarb,not OK,red,>,0.01,,,,,,
,0,,0,1,11012,,Perthan,not OK,red,>,0.01,,,,,,
,0,,0,1,11013,,Prometryn,not OK,red,>,0.01,,,,,,
,0,,0,1,11014,,Pethoxamide,not OK,red,>,0.01,,,,,,
,0,,0,1,11015,,Propamocarb,not OK,red,>,0.01,,,,,,
,0,,0,1,11016,,Phenkapton,not OK,red,>,0.01,,,,,,
,0,,0,1,11017,,Propanil,not OK,red,>,0.01,,,,,,
,0,,0,1,11018,,Phenmedipham,not OK,red,>,0.01,,,,,,
,0,,0,1,11019,,Propaphos,not OK,red,>,0.01,,,,,,
,0,,0,1,11020,,Phenothrin,not OK,red,>,0.01,,,,,,
,0,,0,1,11021,,Propaquizafop,not OK,red,>,0.01,,,,,,
,0,,0,1,11022,,Phenthoate,not OK,red,>,0.01,,,,,,
,0,,0,1,11023,,Propargite,not OK,red,>,0.01,,,,,,
,0,,0,1,11024,,Propazine,not OK,red,>,0.01,,,,,,
,0,,0,1,11025,,"Phenylphenol, ortho",not OK,red,>,0.01,,,,,,
,0,,0,1,11026,,Propetamphos,not OK,red,>,0.01,,,,,,
,0,,0,1,11027,,Propham,not OK,red,>,0.01,,,,,,
,0,,0,1,11028,,Phorate,not OK,red,>,0.01,,,,,,
,0,,0,1,11029,,Phorate oxone,not OK,red,>,0.01,,,,,,
,0,,0,1,11030,,Propiconazole,not OK,red,>,0.01,,,,,,
,0,,0,1,11031,,Phorate oxon sulfone,not OK,red,>,0.01,,,,,,
,0,,0,1,11032,,Propisochlorine,not OK,red,>,0.01,,,,,,
,0,,0,1,11033,,Phorate sulfone,not OK,red,>,0.01,,,,,,
,0,,0,1,11034,,Propoxur,not OK,red,>,0.01,,,,,,
,0,,0,1,11035,,Phosalon,not OK,red,>,0.01,,,,,,
,0,,0,1,11036,,Propoxycarbazone,not OK,red,>,0.01,,,,,,
,0,,0,1,11037,,Phosfolan,not OK,red,>,0.01,,,,,,
,0,,0,1,11038,,"Propoxycarbazone, 2-hydroxy",not OK,red,>,0.01,,,,,,
,0,,0,1,11039,,Phosmet,not OK,red,>,0.01,,,,,,
,0,,0,1,11040,,Propyzamide,not OK,red,>,0.01,,,,,,
,0,,0,1,11041,,Proquinazid,not OK,red,>,0.01,,,,,,
,0,,0,1,11042,,Phosmet-Oxon,not OK,red,>,0.01,,,,,,
,0,,0,1,11043,,Phosphamidon,not OK,red,>,0.01,,,,,,
,0,,0,1,11044,,Prosulfocarb,not OK,red,>,0.01,,,,,,
,0,,0,1,11045,,Phoxim,not OK,red,>,0.01,,,,,,
,0,,0,1,11047,,Picolinfen,not OK,red,>,0.01,,,,,,
,0,,0,1,11049,,Picoxystrobin,not OK,red,>,0.01,,,,,,
,0,,0,1,11050,,Prothiofos,not OK,red,>,0.01,,,,,,
,0,,0,1,11051,,Piperonyl butoxide,not OK,red,>,0.01,,,,,,
,0,,0,1,11052,,Prothoat,not OK,red,>,0.01,,,,,,
,0,,0,1,11053,,Pydiflumetofen,not OK,red,>,0.01,,,,,,
,0,,0,1,11058,,Piperophos,not OK,red,>,0.01,,,,,,
,0,,0,1,11059,,Pyflubumide,not OK,red,>,0.01,,,,,,
,0,,0,1,11060,,"Pyflubumide, -des(2-methyl-1oxopropyl)",not OK,red,>,0.01,,,,,,
,0,,0,1,11061,,Silafluofen,not OK,red,>,0.01,,,,,,
,0,,0,1,11062,,Pymetrozine,not OK,red,>,0.01,,,,,,
,0,,0,1,11063,,Pyraclofos,not OK,red,>,0.01,,,,,,
,0,,0,1,11064,,Silthiofam,not OK,red,>,0.01,,,,,,
,0,,0,1,11065,,Pyraclostrobin,not OK,red,>,0.01,,,,,,
,0,,0,1,11066,,Simazine,not OK,red,>,0.01,,,,,,
,0,,0,1,11067,,Pyraflufen ethyl,not OK,red,>,0.01,,,,,,
,0,,0,1,11068,,Simeconazole,not OK,red,>,0.01,,,,,,
,0,,0,1,11069,,Pyrazophos,not OK,red,>,0.01,,,,,,
,0,,0,1,11070,,Spinetoram,not OK,red,>,0.01,,,,,,
,0,,0,1,11071,,Spinosad,not OK,red,>,0.01,,,,,,
,0,,0,1,11072,,Pyridaben,not OK,red,>,0.01,,,,,,
,0,,0,1,11073,,Pyridafol,not OK,red,>,0.01,,,,,,
,0,,0,1,11074,,Spirodiclofen,not OK,red,>,0.01,,,,,,
,0,,0,1,11075,,Spiromesifen,not OK,red,>,0.01,,,,,,
,0,,0,1,11076,,Pyridalyl,not OK,red,>,0.01,,,,,,
,0,,0,1,11077,,Spirotetramat,not OK,red,>,0.01,,,,,,
,0,,0,1,11078,,Pyridaphenthione,not OK,red,>,0.01,,,,,,
,0,,0,1,11079,,"Spirotetramat, -enol",not OK,red,>,0.01,,,,,,
,0,,0,1,11080,,Pyridate,not OK,red,>,0.01,,,,,,
,0,,0,1,11081,,Pyrifenox,not OK,red,>,0.01,,,,,,
,0,,0,1,11082,,"Spirotetramat, -ketohydroxy",not OK,red,>,0.01,,,,,,
,0,,0,1,11083,,Pyrifluquinazone,not OK,red,>,0.01,,,,,,
,0,,0,1,11084,,"Spirotetramat, -monohydroxy",not OK,red,>,0.01,,,,,,
,0,,0,1,11085,,Pyrimethanil,not OK,red,>,0.01,,,,,,
,0,,0,1,11086,,Spiroxamine,not OK,red,>,0.01,,,,,,
,0,,0,1,11087,,Pyrimidifen,not OK,red,>,0.01,,,,,,
,0,,0,1,11088,,Sulfallat,not OK,red,>,0.01,,,,,,
,0,,0,1,11089,,Pyrimidate,not OK,red,>,0.01,,,,,,
,0,,0,1,11090,,Sulfentrazone,not OK,red,>,0.01,,,,,,
,0,,0,1,11091,,Pyriproxyfen,not OK,red,>,0.01,,,,,,
,0,,0,1,11092,,Sulfosulfuron,not OK,red,>,0.01,,,,,,
,0,,0,1,11093,,Pyroxsulam,not OK,red,>,0.01,,,,,,
,0,,0,1,11094,,Sulfotep,not OK,red,>,0.01,,,,,,
,0,,0,1,11095,,Quinalphos,not OK,red,>,0.01,,,,,,
,0,,0,1,11096,,Sulfoxaflor,not OK,red,>,0.01,,,,,,
,0,,0,1,11097,,Quinoclamine,not OK,red,>,0.01,,,,,,
,0,,0,1,11098,,Sulprofos,not OK,red,>,0.01,,,,,,
,0,,0,1,11099,,Quinoxyfen,not OK,red,>,0.01,,,,,,
,0,,0,1,11100,,TEPP,not OK,red,>,0.01,,,,,,
,0,,0,1,11101,,Quintozene,not OK,red,>,0.01,,,,,,
,0,,0,1,11103,,Quizalofop ethyl,not OK,red,>,0.01,,,,,,
,0,,0,1,11104,,Tebuconazole,not OK,red,>,0.01,,,,,,
,0,,0,1,11105,,Quizalofop-P-Tefuryl,not OK,red,>,0.01,,,,,,
,0,,0,1,11106,,Tebufenocide,not OK,red,>,0.01,,,,,,
,0,,0,1,11107,,Tebufenpyrad,not OK,red,>,0.01,,,,,,
,0,,0,1,11108,,Tebupirimfos,not OK,red,>,0.01,,,,,,
,0,,0,1,11109,,Rimsulfuron,not OK,red,>,0.01,,,,,,
,0,,0,1,11110,,Tebutam,not OK,red,>,0.01,,,,,,
,0,,0,1,11111,,rotenone,not OK,red,>,0.01,,,,,,
,0,,0,1,11112,,Tebuthiuron,not OK,red,>,0.01,,,,,,
,0,,0,1,11113,,Tecnazen,not OK,red,>,0.01,,,,,,
,0,,0,1,11114,,S-421,not OK,red,>,0.01,,,,,,
,0,,0,1,11115,,Teflubenzuron,not OK,red,>,0.01,,,,,,
,0,,0,1,11116,,Sebutylazine,not OK,red,>,0.01,,,,,,
,0,,0,1,11117,,Tefluthrin,not OK,red,>,0.01,,,,,,
,0,,0,1,11118,,Sedaxan,not OK,red,>,0.01,,,,,,
,0,,0,1,11119,,Tepraloxydim,not OK,red,>,0.01,,,,,,
,0,,0,1,11120,,Sethoxydim,not OK,red,>,0.01,,,,,,
,0,,0,1,11121,,Terbacil,not OK,red,>,0.01,,,,,,
,0,,0,1,11125,,Terbufos,not OK,red,>,0.01,,,,,,
,0,,0,1,11126,,Terbumeton,not OK,red,>,0.01,,,,,,
,0,,0,1,11127,,"Trichlorobenzene, 1,2,3",not OK,red,>,0.01,,,,,,
,0,,0,1,11128,,Terbuthylazine,not OK,red,>,0.01,,,,,,
,0,,0,1,11129,,"Trichlorobenzene, 1,2,4-",not OK,red,>,0.01,,,,,,
,0,,0,1,11130,,Terbutryn,not OK,red,>,0.01,,,,,,
,0,,0,1,11131,,"Trichlorobenzene, 1,3,5",not OK,red,>,0.01,,,,,,
,0,,0,1,11132,,Tetrachlorvinphos,not OK,red,>,0.01,,,,,,
,0,,0,1,11133,,Trichlorfon,not OK,red,>,0.01,,,,,,
,0,,0,1,11134,,Tetraconazole,not OK,red,>,0.01,,,,,,
,0,,0,1,11135,,Trichloronate,not OK,red,>,0.01,,,,,,
,0,,0,1,11136,,Tetradifone,not OK,red,>,0.01,,,,,,
,0,,0,1,11137,,Tricyclazole,not OK,red,>,0.01,,,,,,
,0,,0,1,11138,,Tridemorph,not OK,red,>,0.01,,,,,,
,0,,0,1,11139,,Tetramethrin,not OK,red,>,0.01,,,,,,
,0,,0,1,11140,,Trifenmorph,not OK,red,>,0.01,,,,,,
,0,,0,1,11141,,Tetrasul,not OK,red,>,0.01,,,,,,
,0,,0,1,11142,,Trifloxystrobin,not OK,red,>,0.01,,,,,,
,0,,0,1,11143,,Thenyl chlorine,not OK,red,>,0.01,,,,,,
,0,,0,1,11144,,Trifloxysulfuron,not OK,red,>,0.01,,,,,,
,0,,0,1,11145,,Thiabendazole,not OK,red,>,0.01,,,,,,
,0,,0,1,11146,,Triflumizole,not OK,red,>,0.01,,,,,,
,0,,0,1,11147,,Thiacloprid,not OK,red,>,0.01,,,,,,
,0,,0,1,11148,,Triflumuron,not OK,red,>,0.01,,,,,,
,0,,0,1,11149,,Thiamethoxam,not OK,red,>,0.01,,,,,,
,0,,0,1,11150,,Trifluralin,not OK,red,>,0.01,,,,,,
,0,,0,1,11151,,Thifensulfuron-methyl,not OK,red,>,0.01,,,,,,
,0,,0,1,11152,,Triforin,not OK,red,>,0.01,,,,,,
,0,,0,1,11153,,Thiobencarb,not OK,red,>,0.01,,,,,,
,0,,0,1,11154,,Trimethacarb,not OK,red,>,0.01,,,,,,
,0,,0,1,11155,,Thiodicarb,not OK,red,>,0.01,,,,,,
,0,,0,1,11156,,Triticonazole,not OK,red,>,0.01,,,,,,
,0,,0,1,11157,,Thiofanox,not OK,red,>,0.01,,,,,,
,0,,0,1,11158,,Tritosulfuron,not OK,red,>,0.01,,,,,,
,0,,0,1,11159,,Thiometon,not OK,red,>,0.01,,,,,,
,0,,0,1,11160,,Uniconazole,not OK,red,>,0.01,,,,,,
,0,,0,1,11161,,Thionazine,not OK,red,>,0.01,,,,,,
,0,,0,1,11162,,Valifenalate,not OK,red,>,0.01,,,,,,
,0,,0,1,11163,,Vamidothion,not OK,red,>,0.01,,,,,,
,0,,0,1,11164,,Thiophanate-methyl,not OK,red,>,0.01,,,,,,
,0,,0,1,11165,,Vinclozolin,not OK,red,>,0.01,,,,,,
,0,,0,1,11166,,Tioxazafen,not OK,red,>,0.01,,,,,,
,0,,0,1,11167,,Zoxamide,not OK,red,>,0.01,,,,,,
,0,,0,1,11168,,Tolclofos-methyl,not OK,red,>,0.01,,,,,,
,0,,0,1,11169,,Tolfenpyrad,not OK,red,>,0.01,,,,,,
,0,,0,1,11170,,Tolylfluanid,not OK,red,>,0.01,,,,,,
,0,,0,1,11171,,Tralkoxydim,not OK,red,>,0.01,,,,,,
,0,,0,1,11172,,Transfluthrin,not OK,red,>,0.01,,,,,,
,0,,0,1,11173,,Triadimefon,not OK,red,>,0.01,,,,,,
,0,,0,1,11174,,Triadimenol,not OK,red,>,0.01,,,,,,
,0,,0,1,11175,,Triallate,not OK,red,>,0.01,,,,,,
,0,,0,1,11176,,Triasulfuron,not OK,red,>,0.01,,,,,,
,0,,0,1,11177,,Triazamate,not OK,red,>,0.01,,,,,,
,0,,0,1,11178,,Triazophos,not OK,red,>,0.01,,,,,,
,0,,0,1,11179,,Triazoxide,not OK,red,>,0.01,,,,,,
,0,,0,1,11180,,Tribenuron-methyl,not OK,red,>,0.01,,,,,,
,0,,0,1,11181,,Tribufos,not OK,red,>,0.01,,,,,,
,0,,0,1,11183,,Clothianidin,not OK,red,>,0.01,,,,,,
,0,,0,1,11184,,"Spirotetramat, -enol glucoside",not OK,red,>,0.01,,,,,,
,0,,0,1,11242,,"Benzyladenin, 6-",not OK,red,>,0.01,,,,,,
,0,,0,1,11263,,Bifenthrin,not OK,red,>,0.01,,,,,,
,0,,0,1,11295,,"DDT-p,p",not OK,red,>,0.01,,,,,,
,0,,0,1,11323,,Fenvalerate/esfenvalerate,not OK,red,>,0.01,,,,,,
,0,,0,1,11326,,Tau-fluvalinate,not OK,red,>,0.01,,,,,,
,0,,0,1,11343,,Hexythiazox,not OK,red,>,0.01,,,,,,
,0,,0,1,11416,,Prochloraz metabolite BTS44595,not OK,red,>,0.01,,,,,,
,0,,0,1,11417,,Prochloraz metabolite BTS44596,not OK,red,>,0.01,,,,,,
,0,,0,1,11425,,Prothioconazole,not OK,red,>,0.01,,,,,,
,0,,0,1,11426,,Prothioconazole (Prothioconazole-Desthio),not OK,red,>,0.01,,,,,,
,0,,0,1,11886,,Pyrethrins,not OK,red,>,0.01,,,,,,
,0,,0,1,11887,,Resmethrin,not OK,red,>,0.01,,,,,,
,0,,0,1,11888,,Chlorothalonil-4-hydroxy,not OK,red,>,0.01,,,,,,